scenario,lot,runs,population_finale_moyenne,mediane,p10,p90,runs_raids,runs_coalitions,runs_chateaux_endommages,runs_chateaux_zero,raids_moyens,coalitions_moyennes,armes_produites_moyennes,pic_equipes_moyen,reserves_finales_moyennes,extinctions,coexistences,victoires_bleus,victoires_corail,victoires_verts,victoires_violets
sans-mutations,avant,8,92.5,81.5,69.5,128.9,0,0,0,0,0.0,0.0,279.4,152.6,13.5,0,8,0,0,0,0
sans-mutations,apres,8,92.5,81.5,69.5,128.9,0,0,0,0,0.0,0.0,279.4,152.6,13.5,0,8,0,0,0,0
vitesse,avant,8,113.4,112.0,84.1,147.5,0,0,0,0,0.0,0.0,289.8,148.1,12.8,0,8,0,0,0,0
vitesse,apres,8,113.4,112.0,84.1,147.5,0,0,0,0,0.0,0.0,289.8,148.1,12.8,0,8,0,0,0,0
trois-traits,avant,8,99.0,105.0,70.2,126.0,1,0,1,1,3.9,0.0,267.8,146.8,12.8,0,8,0,0,0,0
trois-traits,apres,8,99.0,105.0,70.2,126.0,1,0,1,1,3.9,0.0,267.8,146.8,12.8,0,8,0,0,0,0
rarefaction,avant,8,32.4,35.5,7.7,49.6,2,2,2,2,20.3,3.5,186.9,127.8,8.0,0,8,0,0,0,0
rarefaction,apres,8,32.4,35.5,7.7,49.6,2,2,2,2,20.3,3.5,186.9,127.8,8.0,0,8,0,0,0,0
penurie,avant,8,21.8,20.5,9.7,33.1,7,4,7,5,26.9,1.4,165.3,121.0,5.9,0,8,0,0,0,0
penurie,apres,8,21.8,20.5,9.7,33.1,7,4,7,5,26.9,1.4,165.3,121.0,5.9,0,8,0,0,0,0
conflit-maga,avant,8,20.0,19.5,17.4,23.2,8,8,8,8,57.6,14.8,213.3,100.1,4.9,0,8,0,0,0,0
conflit-maga,apres,8,20.0,19.5,17.4,23.2,8,8,8,8,57.6,14.8,213.3,100.1,4.9,0,8,0,0,0,0
grand-monde,avant,8,197.4,200.5,150.0,243.1,4,4,4,0,0.9,0.9,703.5,264.1,12.6,0,8,0,0,0,0
grand-monde,apres,8,197.4,200.5,150.0,243.1,4,4,4,0,0.9,0.9,703.5,264.1,12.6,0,8,0,0,0,0
