"Source","Destination"
"C:\Users\H695065\Documents\JEux\Equilibrer-Scenarios.ps1","C:\Users\H695065\Documents\JEux\Fine tune\Equilibrer-Scenarios.ps1"
"C:\Users\H695065\Documents\JEux\Exporter-Scenarios.ps1","C:\Users\H695065\Documents\JEux\Fine tune\Exporter-Scenarios.ps1"
"C:\Users\H695065\Documents\JEux\Finaliser-Equilibrage.ps1","C:\Users\H695065\Documents\JEux\Fine tune\Finaliser-Equilibrage.ps1"
"C:\Users\H695065\Documents\JEux\Generer-Rapport-Equilibrage.ps1","C:\Users\H695065\Documents\JEux\Fine tune\Generer-Rapport-Equilibrage.ps1"
"C:\Users\H695065\Documents\JEux\Profiler-Moteur.ps1","C:\Users\H695065\Documents\JEux\Fine tune\Profiler-Moteur.ps1"
"C:\Users\H695065\Documents\JEux\Rapport-Penurie.ps1","C:\Users\H695065\Documents\JEux\Fine tune\Rapport-Penurie.ps1"
"C:\Users\H695065\Documents\JEux\Simuler-Penurie.ps1","C:\Users\H695065\Documents\JEux\Fine tune\Simuler-Penurie.ps1"
"C:\Users\H695065\Documents\JEux\Verifier-Animations.ps1","C:\Users\H695065\Documents\JEux\Fine tune\Verifier-Animations.ps1"
"C:\Users\H695065\Documents\JEux\Verifier-Chateaux.ps1","C:\Users\H695065\Documents\JEux\Fine tune\Verifier-Chateaux.ps1"
"C:\Users\H695065\Documents\JEux\Verifier-Industrie.ps1","C:\Users\H695065\Documents\JEux\Fine tune\Verifier-Industrie.ps1"
"C:\Users\H695065\Documents\JEux\Verifier-Monde.ps1","C:\Users\H695065\Documents\JEux\Fine tune\Verifier-Monde.ps1"
"C:\Users\H695065\Documents\JEux\Verifier-Options.ps1","C:\Users\H695065\Documents\JEux\Fine tune\Verifier-Options.ps1"
"C:\Users\H695065\Documents\JEux\Verifier-Reproductibilite.ps1","C:\Users\H695065\Documents\JEux\Fine tune\Verifier-Reproductibilite.ps1"
"C:\Users\H695065\Documents\JEux\Verifier-Scenarios.ps1","C:\Users\H695065\Documents\JEux\Fine tune\Verifier-Scenarios.ps1"
"C:\Users\H695065\Documents\JEux\EquilibrageBatch.cs","C:\Users\H695065\Documents\JEux\Fine tune\EquilibrageBatch.cs"
"C:\Users\H695065\Documents\JEux\StatistiquesPenurie.cs","C:\Users\H695065\Documents\JEux\Fine tune\StatistiquesPenurie.cs"
"C:\Users\H695065\Documents\JEux\RapportEquilibrage.cs","C:\Users\H695065\Documents\JEux\Fine tune\RapportEquilibrage.cs"
"C:\Users\H695065\Documents\JEux\Rapport-Equilibrage.js","C:\Users\H695065\Documents\JEux\Fine tune\Rapport-Equilibrage.js"
"C:\Users\H695065\Documents\JEux\Rapport-Equilibrage.template.html","C:\Users\H695065\Documents\JEux\Fine tune\Rapport-Equilibrage.template.html"
"C:\Users\H695065\Documents\JEux\apercu-3d.png","C:\Users\H695065\Documents\JEux\Fine tune\apercu-3d.png"
"C:\Users\H695065\Documents\JEux\apercu-animations-legeres.png","C:\Users\H695065\Documents\JEux\Fine tune\apercu-animations-legeres.png"
"C:\Users\H695065\Documents\JEux\apercu-chateaux-allonge.png","C:\Users\H695065\Documents\JEux\Fine tune\apercu-chateaux-allonge.png"
"C:\Users\H695065\Documents\JEux\apercu-chateaux-carre.png","C:\Users\H695065\Documents\JEux\Fine tune\apercu-chateaux-carre.png"
"C:\Users\H695065\Documents\JEux\apercu-chateaux-rectangle.png","C:\Users\H695065\Documents\JEux\Fine tune\apercu-chateaux-rectangle.png"
"C:\Users\H695065\Documents\JEux\apercu-chef-maga.png","C:\Users\H695065\Documents\JEux\Fine tune\apercu-chef-maga.png"
"C:\Users\H695065\Documents\JEux\apercu-dashboard.png","C:\Users\H695065\Documents\JEux\Fine tune\apercu-dashboard.png"
"C:\Users\H695065\Documents\JEux\apercu-diplomatie.png","C:\Users\H695065\Documents\JEux\Fine tune\apercu-diplomatie.png"
"C:\Users\H695065\Documents\JEux\apercu-equilibre.png","C:\Users\H695065\Documents\JEux\Fine tune\apercu-equilibre.png"
"C:\Users\H695065\Documents\JEux\apercu-monde.png","C:\Users\H695065\Documents\JEux\Fine tune\apercu-monde.png"
"C:\Users\H695065\Documents\JEux\apercu-nouvelle-graine.png","C:\Users\H695065\Documents\JEux\Fine tune\apercu-nouvelle-graine.png"
"C:\Users\H695065\Documents\JEux\apercu-production-armes.png","C:\Users\H695065\Documents\JEux\Fine tune\apercu-production-armes.png"
"C:\Users\H695065\Documents\JEux\apercu-ressources-equilibre.png","C:\Users\H695065\Documents\JEux\Fine tune\apercu-ressources-equilibre.png"
"C:\Users\H695065\Documents\JEux\apercu-ressources.png","C:\Users\H695065\Documents\JEux\Fine tune\apercu-ressources.png"
"C:\Users\H695065\Documents\JEux\apercu-suivi-ressources.png","C:\Users\H695065\Documents\JEux\Fine tune\apercu-suivi-ressources.png"
"C:\Users\H695065\Documents\JEux\apercu-tornades.png","C:\Users\H695065\Documents\JEux\Fine tune\apercu-tornades.png"
"C:\Users\H695065\Documents\JEux\apercu-traits.png","C:\Users\H695065\Documents\JEux\Fine tune\apercu-traits.png"
"C:\Users\H695065\Documents\JEux\benchmark-graine42","C:\Users\H695065\Documents\JEux\Fine tune\benchmark-graine42"
"C:\Users\H695065\Documents\JEux\benchmark-penurie","C:\Users\H695065\Documents\JEux\Fine tune\benchmark-penurie"
"C:\Users\H695065\Documents\JEux\equilibrage","C:\Users\H695065\Documents\JEux\Fine tune\equilibrage"
"C:\Users\H695065\Documents\JEux\statistiques-penurie","C:\Users\H695065\Documents\JEux\Fine tune\statistiques-penurie"
"C:\Users\H695065\Documents\JEux\verification-lot","C:\Users\H695065\Documents\JEux\Fine tune\verification-lot"
"C:\Users\H695065\Documents\JEux\verification-protocole-historique","C:\Users\H695065\Documents\JEux\Fine tune\verification-protocole-historique"
"C:\Users\H695065\Documents\JEux\scenarios\verification-chateaux.csv","C:\Users\H695065\Documents\JEux\Fine tune\scenarios\verification-chateaux.csv"
"C:\Users\H695065\Documents\JEux\scenarios\verification-demographie.csv","C:\Users\H695065\Documents\JEux\Fine tune\scenarios\verification-demographie.csv"
"C:\Users\H695065\Documents\JEux\scenarios\verification-equilibre.csv","C:\Users\H695065\Documents\JEux\Fine tune\scenarios\verification-equilibre.csv"
"C:\Users\H695065\Documents\JEux\scenarios\verification-industrie.csv","C:\Users\H695065\Documents\JEux\Fine tune\scenarios\verification-industrie.csv"
