graine,jour,faction,population,naissances_total,morts_total,predations_total,vitesse,taille,perception,armes_equipees,reserves,capacite,defenses_fin,defenses_min_jour,raids_cumul,coalitions_cumul,plans,confiance_0,confiance_1,confiance_2,confiance_3,allies,nourriture_aube,carte_nourriture,stock_nourriture,production_nourriture,consommation_nourriture,sac_nourriture,carte_eau,stock_eau,production_eau,consommation_eau,sac_eau,carte_terre,stock_terre,production_terre,consommation_terre,sac_terre,carte_minerai,stock_minerai,production_minerai,consommation_minerai,sac_minerai,carte_charbon,stock_charbon,production_charbon,consommation_charbon,sac_charbon,carte_energie,stock_energie,production_energie,consommation_energie,sac_energie,carte_fer,stock_fer,production_fer,consommation_fer,sac_fer,carte_armes,stock_armes,production_armes,consommation_armes,sac_armes
42,1,0,88,12,50,0,0.997609,0.993602,1.000706,0,0,667,94.864518,94.864518,2,2,2,0,100,-100,-100,1,160,2,99,63,0,0,5600,405,0,21,0,1856,121,0,42,0,948,1,0,76,0,497,11,0,49,0,0,233,196,131,0,0,21,38,17,0,0,17,17,0,0
42,1,1,90,12,50,0,1.000137,0.995403,0.99874,0,0,667,100,100,2,2,2,100,0,-100,-100,1,160,2,99,66,0,0,5600,412,0,22,0,1856,122,0,44,0,948,1,0,82,0,497,11,0,48,0,0,222,192,138,0,0,24,41,17,0,0,17,17,0,0
42,1,2,92,12,50,0,1.002898,0.99445,0.998728,0,0,667,100,100,2,2,2,-100,-100,0,100,1,160,2,101,66,0,0,5600,404,0,22,0,1856,122,0,44,0,948,0,0,80,0,497,13,0,48,0,0,222,192,136,0,0,23,40,17,0,0,17,17,0,0
42,1,3,92,12,50,0,0.995804,0.995543,0.995104,0,0,667,92.14032,92.14032,2,2,2,-100,-100,100,0,1,160,2,109,75,0,0,5600,401,0,25,0,1856,122,0,50,0,948,0,0,86,0,497,10,0,49,0,0,219,196,145,0,0,26,43,17,0,0,17,17,0,0
42,2,0,84,9,39,1,0.998101,0.992152,0.998265,15,0,667,97.864518,94.864518,3,3,2,0,100,-100,-100,1,160,1,111,63,0,0,5608,480,0,21,0,1871,142,0,42,0,980,0,0,28,0,476,0,0,25,0,0,279,100,85,0,0,17,14,18,0,0,17,17,0,0
42,2,1,78,9,39,1,1.000226,0.997507,0.99468,15,0,667,94.37538,91.37538,3,3,2,100,0,-100,-100,1,160,1,98,54,0,0,5608,504,0,18,0,1871,140,0,36,0,980,1,0,12,0,476,0,0,23,0,0,282,92,66,0,0,12,6,18,0,0,17,17,0,0
42,2,2,85,9,39,1,1.002988,0.991774,0.996813,15,0,667,100,100,3,3,2,-100,-100,0,100,1,160,1,93,51,0,0,5608,495,0,17,0,1871,139,0,34,0,980,1,0,22,0,476,0,0,30,0,0,303,120,73,0,0,17,11,17,0,0,17,17,0,0
42,2,3,85,9,39,1,0.996513,0.991842,0.99994,13,0,667,95.14032,92.14032,3,3,2,-100,-100,100,0,1,160,1,115,60,0,0,5608,473,0,20,0,1871,142,0,40,0,980,0,0,20,0,476,0,0,25,0,0,275,100,76,0,0,18,10,18,0,0,17,17,0,0
42,3,0,73,12,72,0,0.995083,0.993838,0.993933,27,0,667,100,97.864518,5,5,2,0,100,-100,-100,1,160,4,121,60,0,0,6400,376,0,20,0,1922,162,0,40,0,1039,1,0,4,0,510,0,0,15,0,0,304,60,58,0,0,2,2,17,0,0,16,16,0,0
42,3,1,50,12,72,0,1.007671,1.000656,1.005496,23,0,667,85.826994,82.826994,5,5,2,100,0,-100,-100,1,160,4,92,45,0,0,6400,411,0,15,0,1922,155,0,30,0,1039,0,0,6,0,510,0,0,2,0,0,254,8,49,0,0,1,3,14,0,0,13,13,0,0
42,3,2,77,12,72,0,1.00689,0.996739,0.995241,26,0,667,100,100,5,5,2,-100,-100,0,100,1,160,4,91,48,0,0,6400,394,0,16,0,1922,155,0,32,0,1039,0,0,16,0,510,0,0,4,0,0,278,16,66,0,0,8,8,17,0,0,17,17,0,0
42,3,3,72,12,72,0,0.998498,0.990424,0.995925,23,0,667,89.928261,86.928261,5,5,2,-100,-100,100,0,1,160,4,123,60,0,0,6400,368,0,20,0,1922,162,0,40,0,1039,1,0,4,0,510,0,0,5,0,0,254,20,60,0,0,2,2,18,0,0,17,17,0,0
42,4,0,68,19,20,0,0.998126,0.993624,0.999181,41,0,667,94.199698,91.199698,7,7,2,0,100,-100,-100,1,160,0,140,54,0,0,5968,421,0,18,0,1928,180,0,36,0,982,0,0,28,0,466,0,0,14,0,0,322,56,72,0,0,3,14,13,0,0,12,12,0,0
42,4,1,55,19,20,0,1.005183,0.998704,1.0047,35,0,667,88.826994,85.826994,7,7,2,100,0,-100,-100,1,160,0,123,48,0,0,5968,345,0,16,0,1928,168,0,32,0,982,0,0,12,0,466,0,0,12,0,0,294,48,42,0,0,0,6,7,0,0,6,6,0,0
42,4,2,77,19,20,0,1.006669,0.994749,0.999691,39,0,667,100,100,7,7,2,-100,-100,0,100,1,160,0,94,39,0,0,5968,480,0,13,0,1928,168,0,26,0,982,0,0,18,0,466,0,0,20,0,0,327,80,63,0,0,1,9,16,0,0,16,16,0,0
42,4,3,71,19,20,0,1.002539,0.990455,1.000999,37,0,667,82.661242,79.661242,7,7,2,-100,-100,100,0,1,160,0,152,57,0,0,5968,389,0,19,0,1928,181,0,38,0,982,1,0,30,0,466,0,0,18,0,0,277,72,81,0,0,1,15,16,0,0,15,15,0,0
42,5,0,72,12,22,0,0.99847,0.990376,0.999366,52,0,667,97.199698,94.199698,7,7,2,0,100,-100,-100,1,160,11,164,54,0,0,6200,335,0,18,0,1946,198,0,36,0,1033,1,0,4,0,413,0,0,34,0,0,460,136,32,0,0,0,2,5,0,0,4,4,0,0
42,5,1,55,12,22,0,1.008454,1.001848,1.00707,39,0,667,88.826994,88.826994,7,7,2,100,0,-100,-100,1,160,11,147,45,0,0,6200,355,0,15,0,1946,183,0,30,0,1033,1,0,4,0,413,0,0,25,0,0,405,100,23,0,0,0,2,2,0,0,2,2,0,0
42,5,2,64,12,22,0,0.999491,0.989612,0.991248,50,0,667,100,100,7,7,2,-100,-100,0,100,1,160,11,86,36,0,0,6200,391,0,12,0,1946,180,0,24,0,1033,0,0,18,0,413,0,0,24,0,0,408,96,42,0,0,4,9,6,0,0,6,6,0,0
42,5,3,70,12,22,0,0.999743,0.989693,1.000354,49,0,667,85.661242,82.661242,7,7,2,-100,-100,100,0,1,160,11,173,60,0,0,6200,394,0,20,0,1946,201,0,40,0,1033,0,0,8,0,413,2,0,32,0,0,401,128,38,0,0,0,4,5,0,0,4,4,0,0
42,6,0,68,11,14,0,0.999737,0.990048,1.001148,53,0,667,97.199698,97.199698,9,9,2,0,100,-100,-100,1,160,5,180,54,0,0,5944,365,0,18,0,1943,216,0,36,0,950,1,0,30,0,492,0,0,21,0,0,514,84,64,0,0,7,15,8,0,0,8,8,0,0
42,6,1,54,11,14,0,1.009655,0.999638,1.005597,40,0,667,68.692643,68.692643,9,9,2,100,0,-100,-100,1,160,5,173,48,0,0,5944,364,0,16,0,1943,196,0,32,0,950,1,0,18,0,492,0,0,3,0,0,405,12,46,0,0,3,9,6,0,0,6,6,0,0
42,6,2,65,11,14,0,1.001562,0.990911,0.994434,54,0,667,100,100,9,9,2,-100,-100,0,100,1,160,5,87,36,0,0,5944,459,0,12,0,1943,189,0,24,0,950,0,0,24,0,492,0,0,15,0,0,458,60,44,0,0,12,12,4,0,0,4,4,0,0
42,6,3,71,11,14,0,0.999552,0.989939,0.998837,51,0,667,85.661242,85.661242,9,9,2,-100,-100,100,0,1,160,5,208,66,0,0,5944,398,0,22,0,1943,223,0,44,0,950,0,0,38,0,492,0,0,2,0,0,367,8,76,0,0,11,19,8,0,0,8,8,0,0
42,7,0,60,11,30,0,0.999092,0.989756,1.001456,55,0,667,91.38733,88.38733,10,10,2,0,100,-100,-100,1,160,19,191,51,0,0,6080,392,0,17,0,1943,230,0,34,0,950,0,0,22,0,536,0,0,0,0,42,487,0,45,0,0,15,11,3,0,0,2,2,0,0
42,7,1,53,11,30,0,1.01603,0.997221,1.011787,42,0,667,71.692643,68.692643,10,10,2,100,0,-100,-100,1,160,19,196,45,0,0,6080,383,0,15,0,1943,211,0,30,0,950,1,0,16,0,536,0,0,0,0,42,382,0,41,0,0,6,8,5,0,0,4,4,0,0
42,7,2,63,11,30,0,1.008873,0.990231,1.000474,52,0,667,100,100,10,10,2,-100,-100,0,100,1,160,19,84,36,0,0,6080,382,0,12,0,1943,201,0,24,0,950,0,0,22,0,536,0,0,0,0,42,455,0,42,0,0,19,11,4,0,0,4,4,0,0
42,7,3,63,11,30,0,1.002926,0.982288,1.002508,49,0,667,88.661242,85.661242,10,10,2,-100,-100,100,0,1,160,19,234,60,0,0,6080,419,0,20,0,1943,243,0,40,0,950,1,0,18,0,536,0,0,0,0,42,334,0,52,0,0,13,9,7,0,0,6,6,0,0
42,8,0,62,11,8,0,1.001214,0.988921,1.001722,56,0,667,94.38733,91.38733,11,11,2,0,100,-100,-100,1,160,17,217,51,0,0,6048,427,0,17,0,1952,244,0,34,0,968,0,0,32,0,536,0,0,0,0,0,466,0,55,0,0,28,16,3,0,0,2,2,0,0
42,8,1,52,11,8,0,1.018752,0.993391,1.017133,43,0,667,57.885805,54.885805,11,11,2,100,0,-100,-100,1,160,17,223,48,0,0,6048,394,0,16,0,1952,227,0,32,0,968,0,0,16,0,536,0,0,0,0,0,376,0,40,0,0,10,8,4,0,0,3,3,0,0
42,8,2,67,11,8,0,1.012596,0.990134,1.002071,55,0,667,100,100,11,11,2,-100,-100,0,100,1,160,17,95,39,0,0,6048,458,0,13,0,1952,214,0,26,0,968,0,0,30,0,536,0,0,0,0,0,438,0,51,0,0,30,15,4,0,0,4,4,0,0
42,8,3,61,11,8,0,1.005352,0.984492,1.000127,53,0,667,91.661242,88.661242,11,11,2,-100,-100,100,0,1,160,17,259,57,0,0,6048,337,0,19,0,1952,262,0,38,0,968,1,0,24,0,536,0,0,0,0,0,315,0,53,0,0,20,12,5,0,0,4,4,0,0
42,9,0,62,10,6,0,1.002185,0.988351,1.005572,56,0,667,97.38733,94.38733,11,11,2,0,100,-100,-100,1,160,15,245,51,0,0,6296,348,0,17,0,1952,261,0,34,0,1072,0,0,0,0,471,0,0,22,0,0,565,88,23,0,0,25,0,3,0,0,2,2,0,0
42,9,1,54,10,6,0,1.021684,0.995733,1.017581,45,0,667,60.885805,57.885805,11,11,2,100,0,-100,-100,1,160,15,256,51,0,0,6296,325,0,17,0,1952,238,0,34,0,1072,0,0,0,0,471,0,0,7,0,0,412,28,25,0,0,6,0,4,0,0,3,3,0,0
42,9,2,69,10,6,0,1.011857,0.989359,0.999464,58,0,667,100,100,11,11,2,-100,-100,0,100,1,160,15,103,39,0,0,6296,378,0,13,0,1952,227,0,26,0,1072,0,0,0,0,471,0,0,21,0,0,535,84,21,0,0,26,0,4,0,0,4,4,0,0
42,9,3,61,10,6,0,1.009024,0.987339,1.002999,55,0,667,94.661242,91.661242,11,11,2,-100,-100,100,0,1,160,15,287,57,0,0,6296,361,0,19,0,1952,281,0,38,0,1072,1,0,0,0,471,0,0,15,0,0,384,60,25,0,0,17,0,3,0,0,2,2,0,0
42,10,0,63,13,12,0,1.001789,0.985577,1.007026,55,0,667,100,97.38733,11,11,2,0,100,-100,-100,1,160,7,274,57,0,0,5912,379,0,19,0,1952,277,0,38,0,1072,0,0,0,0,434,0,0,27,0,0,644,108,25,0,0,22,0,3,0,0,2,2,0,0
42,10,1,52,13,12,0,1.023531,0.997191,1.014254,44,0,667,63.885805,60.885805,11,11,2,100,0,-100,-100,1,160,7,279,45,0,0,5912,344,0,15,0,1952,253,0,30,0,1072,0,0,0,0,434,0,0,13,0,0,473,52,23,0,0,2,0,4,0,0,3,3,0,0
42,10,2,69,13,12,0,1.01246,0.989409,0.999507,61,0,667,100,100,11,11,2,-100,-100,0,100,1,160,7,110,39,0,0,5912,464,0,13,0,1952,237,0,26,0,1072,0,0,0,0,434,0,0,35,0,0,648,140,19,0,0,23,0,3,0,0,3,3,0,0
42,10,3,63,13,12,0,1.008588,0.98882,0.998441,54,0,667,97.661242,94.661242,11,11,2,-100,-100,100,0,1,160,7,320,57,0,0,5912,385,0,19,0,1952,297,0,38,0,1072,1,0,0,0,434,0,0,24,0,0,487,96,25,0,0,14,0,3,0,0,2,2,0,0
42,11,0,50,12,55,0,1.014429,0.981407,1.013582,43,0,667,100,100,13,13,2,0,100,-100,-100,1,160,7,284,45,0,0,6088,413,0,15,0,1968,290,0,30,0,989,0,0,22,0,529,0,0,4,0,0,630,16,43,0,0,30,11,3,0,0,3,3,0,0
42,11,1,43,12,55,0,1.025856,1.003619,1.017375,34,0,667,58.56871,55.56871,13,13,2,100,0,-100,-100,1,160,7,300,48,0,0,6088,364,0,16,0,1968,258,0,32,0,989,1,0,14,0,529,0,0,0,0,0,440,0,38,0,0,5,7,4,0,0,3,3,0,0
42,11,2,63,12,55,0,1.016285,0.986814,0.998134,55,1,917,100,100,13,13,2,-100,-100,0,100,1,160,7,126,39,0,0,6088,382,0,13,0,1968,241,0,26,0,989,0,0,28,0,529,0,0,1,0,0,586,4,81,0,0,0,14,37,0,0,3,3,0,0
42,11,3,48,12,55,0,1.008534,0.9971,0.992456,39,0,667,88.635699,85.635699,13,13,2,-100,-100,100,0,1,160,7,348,57,0,0,6088,415,0,19,0,1968,316,0,38,0,989,0,0,16,0,529,0,0,2,0,0,460,8,43,0,0,18,8,4,0,0,3,3,0,0
42,12,0,50,16,23,0,1.01182,0.983783,1.014977,45,1,917,91.938131,88.938131,14,14,2,0,100,-100,-100,1,160,6,316,48,0,0,6168,347,0,16,0,1946,303,0,32,0,959,0,0,30,0,536,0,0,0,0,0,580,0,84,0,0,9,15,36,0,0,1,1,0,0
42,12,1,44,16,23,0,1.03331,1.006644,1.015152,34,0,667,61.56871,58.56871,14,14,2,100,0,-100,-100,1,160,6,344,51,0,0,6168,384,0,17,0,1946,275,0,34,0,959,1,0,14,0,536,0,0,0,0,0,421,0,39,0,0,8,7,4,0,0,3,3,0,0
42,12,2,60,16,23,0,1.012262,0.995477,0.991018,53,1,917,100,100,14,14,2,-100,-100,0,100,1,160,6,138,42,0,0,6168,449,0,14,0,1946,255,0,28,0,959,1,0,32,0,536,0,0,0,0,0,567,0,48,0,0,15,16,1,0,0,1,1,0,0
42,12,3,43,16,23,0,1.002026,0.997838,0.990185,37,0,667,91.635699,88.635699,14,14,2,-100,-100,100,0,1,160,6,384,57,0,0,6168,348,0,19,0,1946,335,0,38,0,959,1,0,14,0,536,0,0,0,0,0,453,0,39,0,0,22,7,3,0,0,2,2,0,0
42,13,0,52,11,17,0,1.010098,0.987154,1.016185,44,1,917,94.938131,91.938131,15,15,2,0,100,-100,-100,1,160,28,346,48,0,0,6176,385,0,16,0,1940,316,0,32,0,986,1,0,26,0,524,0,0,3,0,121,544,12,48,0,0,19,13,3,0,0,2,2,0,0
42,13,1,40,11,17,0,1.040791,1.011202,1.007908,33,0,667,56.356486,53.356486,15,15,2,100,0,-100,-100,1,160,28,384,54,0,0,6176,322,0,18,0,1940,293,0,36,0,986,1,0,6,0,524,0,0,3,0,121,405,12,32,0,0,7,3,4,0,0,3,3,0,0
42,13,2,60,11,17,0,1.011307,0.995574,0.987273,53,1,917,100,100,15,15,2,-100,-100,0,100,1,160,28,150,42,0,0,6176,375,0,14,0,1940,269,0,28,0,986,0,0,28,0,524,0,0,6,0,121,551,24,48,0,0,26,14,3,0,0,3,3,0,0
42,13,3,39,11,17,0,0.998294,1.000391,0.979846,33,0,667,94.635699,91.635699,15,15,2,-100,-100,100,0,1,160,28,436,57,0,0,6176,382,0,19,0,1940,354,0,38,0,986,0,0,12,0,524,0,0,0,0,121,416,0,37,0,0,25,6,3,0,0,2,2,0,0
42,14,0,52,11,11,0,1.012625,0.987687,1.020053,43,1,917,97.938131,94.938131,16,16,2,0,100,-100,-100,1,160,19,381,51,0,0,6064,412,0,17,0,1969,328,0,34,0,1041,0,0,10,0,482,0,0,18,0,20,611,72,35,0,0,20,5,4,0,0,3,3,0,0
42,14,1,42,11,11,0,1.044858,1.012562,1.007037,34,0,667,59.356486,56.356486,16,16,2,100,0,-100,-100,1,160,19,428,51,0,0,6064,353,0,17,0,1969,302,0,34,0,1041,1,0,2,0,482,0,0,6,0,20,422,24,25,0,0,5,1,3,0,0,2,2,0,0
42,14,2,57,11,11,0,1.014877,0.99739,0.985988,53,1,917,100,100,16,16,2,-100,-100,0,100,1,160,19,162,42,0,0,6064,437,0,14,0,1969,274,0,28,0,1041,0,0,10,0,482,0,0,18,0,20,631,72,26,0,0,30,5,1,0,0,1,1,0,0
42,14,3,40,11,11,0,0.999588,1.000595,0.978546,34,0,667,86.335982,83.335982,16,16,2,-100,-100,100,0,1,160,19,479,54,0,0,6064,325,0,18,0,1969,371,0,36,0,1041,0,0,4,0,482,0,0,9,0,20,458,36,28,0,0,24,2,3,0,0,2,2,0,0
42,15,0,48,9,14,0,1.013882,0.993447,1.015485,44,1,917,92.440215,89.440215,18,18,2,0,100,-100,-100,1,160,18,412,51,0,0,6192,343,0,17,0,1943,345,0,34,0,1036,1,0,14,0,525,0,0,4,0,31,629,16,35,0,0,25,7,2,0,0,1,1,0,0
42,15,1,41,9,14,0,1.044729,1.010957,1.005645,34,0,667,62.356486,59.356486,18,18,2,100,0,-100,-100,1,160,18,473,51,0,0,6192,390,0,17,0,1943,319,0,34,0,1036,1,0,0,0,525,0,0,1,0,31,418,4,23,0,0,2,0,3,0,0,2,2,0,0
42,15,2,57,9,14,0,1.016139,0.995167,0.988056,52,1,917,100,100,18,18,2,-100,-100,0,100,1,160,18,183,42,0,0,6192,366,0,14,0,1943,288,0,28,0,1036,1,0,20,0,525,0,0,1,0,31,647,4,38,0,0,38,10,2,0,0,2,2,0,0
42,15,3,40,9,14,0,1.000589,0.999323,0.980753,34,0,667,80.193734,77.193734,18,18,2,-100,-100,100,0,1,160,18,525,57,0,0,6192,362,0,19,0,1943,390,0,38,0,1036,0,0,0,0,525,0,0,5,0,31,458,20,23,0,0,22,0,2,0,0,1,1,0,0
42,16,0,46,12,12,0,1.02063,0.99594,1.018998,40,1,917,83.655006,80.655006,20,20,2,0,100,-100,-100,1,160,21,442,45,0,0,6048,368,0,15,0,1949,360,0,30,0,1013,0,0,24,0,525,0,0,0,0,44,604,0,43,0,0,35,12,2,0,0,1,1,0,0
42,16,1,42,12,12,0,1.043034,1.012125,1.005677,35,0,667,65.356486,62.356486,20,20,2,100,0,-100,-100,1,160,21,518,57,0,0,6048,330,0,19,0,1949,335,0,38,0,1013,0,0,8,0,525,0,0,0,0,44,417,0,35,0,0,2,4,4,0,0,3,3,0,0
42,16,2,60,12,12,0,1.018111,0.989964,0.982439,52,1,917,100,100,20,20,2,-100,-100,0,100,1,160,21,204,42,0,0,6048,431,0,14,0,1949,302,0,28,0,1013,0,0,16,0,525,0,0,9,0,44,683,36,34,0,0,44,8,2,0,0,2,2,0,0
42,16,3,38,12,12,0,0.997012,0.995503,0.982096,32,0,667,71.859193,68.859193,20,20,2,-100,-100,100,0,1,160,21,566,54,0,0,6048,408,0,18,0,1949,405,0,36,0,1013,0,0,14,0,525,0,0,0,0,44,425,0,36,0,0,27,7,2,0,0,1,1,0,0
42,17,0,41,6,22,0,1.016507,0.986525,1.024431,37,1,917,78.328583,75.328583,21,21,2,0,100,-100,-100,1,160,34,468,42,0,0,6216,380,0,14,0,1955,374,0,28,0,1072,0,0,0,0,473,1,0,16,0,0,666,64,20,0,0,32,0,3,0,0,2,2,0,0
42,17,1,38,6,22,0,1.042958,1.01064,1.001574,32,0,667,68.356486,65.356486,21,21,2,100,0,-100,-100,1,160,34,567,57,0,0,6216,333,0,19,0,1955,354,0,38,0,1072,0,0,0,0,473,0,0,4,0,0,419,16,23,0,0,0,0,2,0,0,1,1,0,0
42,17,2,53,6,22,0,1.025547,0.994336,0.983051,45,2,1167,100,100,21,21,2,-100,-100,0,100,1,160,34,214,39,0,0,6216,358,0,13,0,1955,315,0,26,0,1072,0,0,0,0,473,1,0,27,0,0,791,108,53,0,0,7,0,37,0,0,3,3,0,0
42,17,3,38,6,22,0,0.997671,0.997032,0.982336,32,0,667,74.859193,71.859193,21,21,2,-100,-100,100,0,1,160,34,608,54,0,0,6216,352,0,18,0,1955,420,0,36,0,1072,0,0,0,0,473,0,0,9,0,0,486,36,22,0,0,25,0,2,0,0,1,1,0,0
42,18,0,43,11,8,0,1.015321,0.985115,1.028977,38,1,917,81.328583,78.328583,22,22,2,0,100,-100,-100,1,160,33,497,39,0,0,6128,326,0,13,0,1961,387,0,26,0,1007,0,0,20,0,531,0,0,2,0,136,637,8,37,0,0,40,10,2,0,0,1,1,0,0
42,18,1,36,11,8,0,1.044129,1.010007,0.998947,31,0,667,60.010484,60.010484,22,22,2,100,0,-100,-100,1,160,33,614,54,0,0,6128,341,0,18,0,1961,372,0,36,0,1007,1,0,10,0,531,0,0,0,0,136,387,0,32,0,0,3,5,2,0,0,2,2,0,0
42,18,2,55,11,8,0,1.027572,0.993872,0.984647,46,2,1167,100,100,22,22,2,-100,-100,0,100,1,160,33,235,42,0,0,6128,403,0,14,0,1961,329,0,28,0,1007,0,0,22,0,531,0,0,5,0,136,769,20,42,0,0,15,11,3,0,0,3,3,0,0
42,18,3,39,11,8,0,1.001548,1.002121,0.984449,31,0,667,77.859193,74.859193,22,22,2,-100,-100,100,0,1,160,33,647,48,0,0,6128,394,0,16,0,1961,436,0,32,0,1007,0,0,12,0,531,0,0,0,0,136,452,0,34,0,0,28,6,3,0,0,2,2,0,0
42,19,0,41,13,16,0,1.022789,0.984362,1.029502,36,1,917,84.328583,81.328583,23,23,2,0,100,-100,-100,1,160,22,525,39,0,0,6256,350,0,13,0,1958,400,0,26,0,1024,0,0,14,0,523,0,0,6,0,0,646,24,33,0,0,44,7,3,0,0,2,2,0,0
42,19,1,38,13,16,0,1.051583,1.004324,1.008145,30,0,667,63.010484,60.010484,23,23,2,100,0,-100,-100,1,160,22,652,45,0,0,6256,354,0,15,0,1958,387,0,30,0,1024,0,0,10,0,523,0,0,0,0,0,371,0,31,0,0,5,5,3,0,0,2,2,0,0
42,19,2,55,13,16,0,1.028499,0.995252,0.984423,47,2,1167,100,100,23,23,2,-100,-100,0,100,1,160,22,257,42,0,0,6256,334,0,14,0,1958,343,0,28,0,1024,1,0,10,0,523,0,0,7,0,0,820,28,30,0,0,17,5,3,0,0,3,3,0,0
42,19,3,36,13,16,0,1.002043,1.000733,0.972621,31,0,667,70.928849,67.928849,23,23,2,-100,-100,100,0,1,160,22,667,48,0,0,6256,339,0,16,0,1958,452,0,32,0,1024,1,0,10,0,523,0,0,0,0,0,462,0,30,0,0,31,5,2,0,0,1,1,0,0
42,20,0,45,18,8,0,1.027202,0.984125,1.035206,36,1,917,76.999338,73.999338,25,25,2,0,100,-100,-100,1,160,9,568,45,0,0,6024,366,0,15,0,1958,415,0,30,0,998,1,0,22,0,535,0,0,1,0,62,625,4,43,0,0,52,11,3,0,0,2,2,0,0
42,20,1,40,18,8,0,1.059708,1.00553,1.008458,29,0,667,66.010484,63.010484,25,25,2,100,0,-100,-100,1,160,9,667,45,0,0,6024,389,0,15,0,1958,402,0,30,0,998,1,0,8,0,535,0,0,0,0,62,355,0,31,0,0,5,4,4,0,0,3,3,0,0
42,20,2,59,18,8,0,1.032609,0.99737,0.986699,48,2,1167,100,100,25,25,2,-100,-100,0,100,1,160,9,281,42,0,0,6024,401,0,14,0,1958,357,0,28,0,998,0,0,28,0,535,0,0,0,0,62,804,0,48,0,0,28,14,3,0,0,3,3,0,0
42,20,3,36,18,8,0,1.0026,0.999816,0.976996,31,1,917,61.571908,58.571908,25,25,2,-100,-100,100,0,1,160,9,667,57,0,0,6024,364,0,19,0,1958,468,0,38,0,998,0,0,16,0,535,0,0,0,0,62,392,0,73,0,0,3,8,36,0,0,1,1,0,0
42,21,0,46,10,7,0,1.027923,0.984168,1.038284,36,1,917,79.999338,76.999338,25,25,2,0,100,-100,-100,1,160,33,604,48,0,0,6232,385,0,16,0,1952,431,0,32,0,1036,0,0,10,0,493,0,0,14,0,47,663,56,36,0,0,52,5,5,0,0,4,4,0,0
42,21,1,42,10,7,0,1.059321,1.006215,1.006771,32,0,667,69.010484,66.010484,25,25,2,100,0,-100,-100,1,160,33,667,51,0,0,6232,332,0,17,0,1952,416,0,34,0,1036,0,0,10,0,493,0,0,5,0,47,372,20,37,0,0,5,5,5,0,0,4,4,0,0
42,21,2,59,10,7,0,1.033423,0.992058,0.985227,48,2,1167,100,100,25,25,2,-100,-100,0,100,1,160,33,296,42,0,0,6232,328,0,14,0,1952,371,0,28,0,1036,0,0,12,0,493,0,0,18,0,47,876,72,34,0,0,30,6,4,0,0,4,4,0,0
42,21,3,36,10,7,0,1.001743,0.999801,0.97457,31,1,917,64.571908,61.571908,25,25,2,-100,-100,100,0,1,160,33,713,54,0,0,6232,398,0,18,0,1952,483,0,36,0,1036,0,0,6,0,493,0,0,3,0,47,379,12,28,0,0,4,3,2,0,0,1,1,0,0
42,22,0,44,15,7,0,1.028021,0.984483,1.034166,37,1,917,82.999338,79.999338,25,25,2,0,100,-100,-100,1,160,23,624,39,0,0,6152,326,0,13,0,1955,444,0,26,0,1034,1,0,12,0,479,1,0,17,0,136,698,68,33,0,0,54,6,4,0,0,3,3,0,0
42,22,1,44,15,7,0,1.057284,1.006262,1.005437,35,0,667,72.010484,69.010484,25,25,2,100,0,-100,-100,1,160,23,667,51,0,0,6152,361,0,17,0,1955,433,0,34,0,1034,1,0,6,0,479,0,0,12,0,136,389,48,31,0,0,4,3,4,0,0,3,3,0,0
42,22,2,64,15,7,0,1.032204,0.992778,0.983692,51,2,1167,100,100,25,25,2,-100,-100,0,100,1,160,23,313,42,0,0,6152,415,0,14,0,1955,385,0,28,0,1034,1,0,14,0,479,0,0,18,0,136,912,72,36,0,0,33,7,4,0,0,4,4,0,0
42,22,3,39,15,7,0,1.004175,0.998676,0.96923,30,1,917,67.571908,64.571908,25,25,2,-100,-100,100,0,1,160,23,763,54,0,0,6152,344,0,18,0,1955,501,0,36,0,1034,1,0,2,0,479,0,0,9,0,136,391,36,24,0,0,3,1,2,0,0,1,1,0,0
42,23,0,41,11,20,1,1.026063,0.987773,1.039448,37,1,917,78.197771,75.197771,27,27,2,0,100,-100,-100,1,160,19,643,36,0,0,6144,342,0,12,0,1956,456,0,24,0,1008,12,0,28,0,482,0,0,1,0,29,673,4,44,0,0,66,14,2,0,0,1,1,0,0
42,23,1,44,11,20,1,1.060629,1.013216,1.005287,34,0,667,75.010484,72.010484,27,27,2,100,0,-100,-100,1,160,19,667,57,0,0,6144,378,0,19,0,1956,450,0,38,0,1008,1,0,6,0,482,1,0,14,0,29,424,56,33,0,0,3,3,4,0,0,3,3,0,0
42,23,2,62,11,20,1,1.03152,0.994506,0.983143,53,3,1417,100,100,27,27,2,-100,-100,0,100,1,160,19,332,42,0,0,6144,337,0,14,0,1956,397,0,28,0,1008,1,0,18,0,482,0,0,24,0,29,1000,96,72,0,0,5,9,37,0,0,3,3,0,0
42,23,3,35,11,20,1,1.005687,1.001559,0.973811,26,1,917,58.030999,55.030999,27,27,2,-100,-100,100,0,1,160,19,801,45,0,0,6144,378,0,15,0,1956,516,0,30,0,1008,0,0,2,0,482,3,0,12,0,29,421,48,21,0,0,2,1,2,0,0,1,1,0,0
42,24,0,35,9,25,0,1.0272,0.976032,1.043641,31,1,917,81.197771,78.197771,29,29,2,0,100,-100,-100,1,160,26,658,33,0,0,6176,370,0,11,0,1967,467,0,22,0,1017,0,0,12,0,497,10,0,14,0,13,711,56,29,0,0,69,6,3,0,0,2,2,0,0
42,24,1,39,9,25,0,1.059965,1.010674,1.009248,33,0,667,65.873634,62.873634,29,29,2,100,0,-100,-100,1,160,26,667,60,0,0,6176,314,0,20,0,1967,470,0,40,0,1017,1,0,8,0,497,0,0,1,0,13,436,4,34,0,0,4,4,3,0,0,2,2,0,0
42,24,2,57,9,25,0,1.033058,0.991269,0.982533,49,3,1417,100,100,29,29,2,-100,-100,0,100,1,160,26,347,42,0,0,6176,397,0,14,0,1967,411,0,28,0,1017,1,0,12,0,497,0,0,15,0,13,1056,60,32,0,0,8,6,3,0,0,3,3,0,0
42,24,3,35,9,25,0,1.004145,0.998786,0.975912,24,1,917,42.55254,39.55254,29,29,2,-100,-100,100,0,1,160,26,836,42,0,0,6176,329,0,14,0,1967,530,0,28,0,1017,1,0,8,0,497,0,0,3,0,13,449,12,26,0,0,4,4,2,0,0,1,1,0,0
42,25,0,26,12,20,0,1.028923,0.970007,1.032324,20,1,917,75.820278,72.820278,31,31,2,0,100,-100,-100,1,160,42,681,33,0,0,6208,324,0,11,0,1973,478,0,22,0,1062,1,0,2,0,501,20,0,3,0,50,714,12,17,0,0,68,1,2,0,0,1,1,0,0
42,25,1,40,12,20,0,1.060455,1.013029,1.011346,34,0,667,68.873634,65.873634,31,31,2,100,0,-100,-100,1,160,42,667,57,0,0,6208,336,0,19,0,1973,486,0,38,0,1062,0,0,2,0,501,0,0,6,0,50,448,24,27,0,0,2,1,3,0,0,2,2,0,0
42,25,2,58,12,20,0,1.03488,0.99033,0.985266,50,3,1417,100,100,31,31,2,-100,-100,0,100,1,160,42,369,48,0,0,6208,324,0,16,0,1973,427,0,32,0,1062,1,0,6,0,501,0,0,11,0,50,1106,44,28,0,0,8,3,3,0,0,3,3,0,0
42,25,3,34,12,20,0,1.002106,0.998954,0.96998,23,1,917,36.372348,33.372348,31,31,2,-100,-100,100,0,1,160,42,863,36,0,0,6208,394,0,12,0,1973,542,0,24,0,1062,1,0,0,0,501,0,0,3,0,50,448,12,16,0,0,2,0,2,0,0,1,1,0,0
42,26,0,24,16,22,0,1.03214,0.965949,1.034628,16,1,917,78.820278,75.820278,33,33,2,0,100,-100,-100,1,160,11,709,24,0,0,6176,306,0,8,0,1973,486,0,16,0,1037,3,0,10,0,488,27,0,5,0,9,717,20,26,0,0,69,5,4,0,0,3,3,0,0
42,26,1,40,16,22,0,1.060802,1.013403,1.00883,34,0,667,55.881679,52.881679,33,33,2,100,0,-100,-100,1,160,11,667,51,0,0,6176,367,0,17,0,1973,503,0,34,0,1037,1,0,4,0,488,0,0,6,0,9,457,24,27,0,0,1,2,3,0,0,2,2,0,0
42,26,2,58,16,22,0,1.036402,0.988121,0.986889,48,3,1417,100,100,33,33,2,-100,-100,0,100,1,160,11,394,36,0,0,6176,374,0,12,0,1973,439,0,24,0,1037,1,0,18,0,488,0,0,18,0,9,1179,72,34,0,0,15,9,2,0,0,2,2,0,0
42,26,3,30,16,22,0,1.001517,0.992392,0.967763,16,1,917,24.311183,21.311183,33,33,2,-100,-100,100,0,1,160,11,876,21,0,0,6176,353,0,7,0,1973,549,0,14,0,1037,1,0,0,0,488,0,0,12,0,9,543,48,11,0,0,0,0,2,0,0,1,1,0,0
42,27,0,26,11,19,0,1.042302,0.967795,1.041702,18,1,917,81.820278,78.820278,33,33,2,0,100,-100,-100,1,160,31,737,24,0,0,6040,290,0,8,0,2003,491,0,16,0,1002,11,0,12,0,536,21,0,6,0,72,727,24,26,0,0,72,6,3,0,0,2,2,0,0
42,27,1,39,11,19,0,1.065209,1.013136,1.004039,31,0,667,58.881679,55.881679,33,33,2,100,0,-100,-100,1,160,31,667,42,0,0,6040,409,0,14,0,2003,517,0,28,0,1002,0,0,8,0,536,0,0,0,0,72,444,0,28,0,0,2,4,3,0,0,2,2,0,0
42,27,2,52,11,19,0,1.037552,0.99412,0.981687,44,3,1417,100,100,33,33,2,-100,-100,0,100,1,160,31,417,42,0,0,6040,422,0,14,0,2003,453,0,28,0,1002,1,0,16,0,536,0,0,0,0,72,1177,0,36,0,0,20,8,3,0,0,3,3,0,0
42,27,3,27,11,19,0,0.997767,0.990394,0.97063,15,1,917,24.311183,24.311183,33,33,2,-100,-100,100,0,1,160,31,896,21,0,0,6040,428,0,7,0,2003,556,0,14,0,1002,0,0,12,0,536,0,0,0,0,72,525,0,21,0,0,5,6,1,0,0,1,1,0,0
42,28,0,26,15,11,0,1.050173,0.967265,1.0342,18,1,917,53.804722,50.804722,36,36,2,0,100,-100,-100,1,160,52,766,27,0,0,6376,279,0,9,0,2009,500,0,18,0,1020,11,0,12,0,513,21,0,6,0,19,733,24,27,0,0,75,6,3,0,0,2,2,0,0
42,28,1,41,15,11,0,1.064124,1.022147,1.00292,30,0,667,61.881679,58.881679,36,36,2,100,0,-100,-100,1,160,52,667,42,0,0,6376,356,0,14,0,2009,531,0,28,0,1020,0,0,12,0,513,0,0,6,0,19,466,24,34,0,0,4,6,4,0,0,3,3,0,0
42,28,2,52,15,11,0,1.041179,0.996922,0.984468,45,3,1417,100,100,36,36,2,-100,-100,0,100,1,160,52,434,45,0,0,6376,355,0,15,0,2009,468,0,30,0,1020,1,0,18,0,513,0,0,6,0,19,1196,24,39,0,0,26,9,3,0,0,3,3,0,0
42,28,3,29,15,11,0,1.003935,0.991575,0.972827,15,1,917,13.251028,10.251028,36,36,2,-100,-100,100,0,1,160,52,912,21,0,0,6376,394,0,7,0,2009,563,0,14,0,1020,0,0,8,0,513,0,0,4,0,19,554,16,21,0,0,6,4,3,0,0,2,2,0,0
42,29,0,22,10,18,0,1.050318,0.967952,1.031205,16,2,1167,30.630063,27.630063,39,39,2,0,100,-100,-100,1,160,43,790,21,0,0,6160,278,0,7,0,2003,507,0,14,0,995,15,0,14,0,536,14,0,7,0,64,706,28,61,0,0,45,7,37,0,0,2,2,0,0
42,29,1,41,10,18,0,1.066631,1.021297,1.009774,30,0,667,64.881679,61.881679,39,39,2,100,0,-100,-100,1,160,43,667,42,0,0,6160,397,0,14,0,2003,545,0,28,0,995,0,0,20,0,536,0,0,0,0,64,429,0,44,0,0,9,10,5,0,0,4,4,0,0
42,29,2,53,10,18,0,1.042146,0.99491,0.985807,46,3,1417,100,100,39,39,2,-100,-100,0,100,1,160,43,451,39,0,0,6160,402,0,13,0,2003,481,0,26,0,995,0,0,28,0,536,0,0,0,0,64,1176,0,45,0,0,38,14,2,0,0,2,2,0,0
42,29,3,24,10,18,0,1.001347,0.984663,0.973899,15,1,917,4.940763,1.940763,39,39,2,-100,-100,100,0,1,160,43,917,18,0,0,6160,359,0,6,0,2003,569,0,12,0,995,1,0,8,0,536,0,0,0,0,64,567,0,20,0,0,7,4,3,0,0,2,2,0,0
42,30,0,23,6,6,0,1.048521,0.958773,1.020084,17,2,1167,25.367676,22.367676,40,40,2,0,100,-100,-100,1,160,58,811,21,0,0,6360,289,0,7,0,2024,514,0,14,0,1054,5,0,16,0,524,6,0,8,0,25,718,32,29,0,0,50,8,3,0,0,2,2,0,0
42,30,1,40,6,6,0,1.066248,1.018776,1.011625,32,0,667,67.881679,64.881679,40,40,2,100,0,-100,-100,1,160,58,667,39,0,0,6360,343,0,13,0,2024,558,0,26,0,1054,0,0,2,0,524,0,0,4,0,25,454,16,25,0,0,5,1,5,0,0,4,4,0,0
42,30,2,54,6,6,0,1.040193,0.994663,0.987547,47,4,1667,100,100,40,40,2,-100,-100,0,100,1,160,58,467,42,0,0,6360,335,0,14,0,2024,495,0,28,0,1054,1,0,6,0,524,0,0,7,0,25,1178,28,60,0,0,4,3,37,0,0,3,3,0,0
42,30,3,23,6,6,0,1.003485,0.985669,0.972951,16,1,917,7.940763,4.940763,40,40,2,-100,-100,100,0,1,160,58,917,21,0,0,6360,328,0,7,0,2024,573,0,14,0,1054,1,0,2,0,524,0,0,1,0,25,590,4,15,0,0,5,1,3,0,0,2,2,0,0
42,31,0,23,12,6,0,1.049215,0.961367,1.013946,17,2,1167,28.367676,25.367676,41,41,2,0,100,-100,-100,1,160,30,833,21,0,0,6056,307,0,7,0,2027,521,0,14,0,1012,0,0,16,0,533,0,0,6,0,90,722,24,29,0,0,55,8,3,0,0,2,2,0,0
42,31,1,41,12,6,0,1.06391,1.020243,1.012387,35,0,667,70.881679,67.881679,41,41,2,100,0,-100,-100,1,160,30,667,39,0,0,6056,378,0,13,0,2027,571,0,26,0,1012,0,0,16,0,533,0,0,0,0,90,432,0,35,0,0,10,8,3,0,0,2,2,0,0
42,31,2,57,12,6,0,1.043336,0.992006,0.990533,49,4,1667,100,100,41,41,2,-100,-100,0,100,1,160,30,489,39,0,0,6056,380,0,13,0,2027,508,0,26,0,1012,0,0,28,0,533,0,0,3,0,90,1166,12,45,0,0,16,14,2,0,0,2,2,0,0
42,31,3,25,12,6,0,1.007783,0.988024,0.964991,16,1,917,0,0,41,41,2,-100,-100,100,0,1,160,30,917,15,0,0,6056,396,0,5,0,2027,578,0,10,0,1012,1,0,0,0,533,0,0,0,0,90,588,0,5,0,0,0,0,0,0,0,0,0,0,0
42,32,0,25,11,9,0,1.05566,0.959696,1.01831,17,2,1167,19.195462,16.195462,43,43,2,0,100,-100,-100,1,160,42,860,21,0,0,6240,325,0,7,0,2015,528,0,14,0,1049,0,0,4,0,517,0,0,3,0,27,725,12,17,0,0,54,2,3,0,0,2,2,0,0
42,32,1,40,11,9,0,1.061198,1.017391,1.011111,35,0,667,73.881679,70.881679,43,43,2,100,0,-100,-100,1,160,42,667,42,0,0,6240,323,0,14,0,2015,585,0,28,0,1049,1,0,6,0,517,0,0,6,0,27,464,24,26,0,0,10,3,3,0,0,2,2,0,0
42,32,2,56,11,9,0,1.041852,0.986902,0.991272,48,4,1667,100,100,43,43,2,-100,-100,0,100,1,160,42,512,48,0,0,6240,419,0,16,0,2015,524,0,32,0,1049,0,0,10,0,517,0,0,9,0,27,1200,36,32,0,0,18,5,3,0,0,3,3,0,0
42,32,3,27,11,9,0,1.011765,0.986833,0.963385,15,1,917,0,0,43,43,2,-100,-100,100,0,1,160,42,917,15,0,0,6240,366,0,5,0,2015,583,0,10,0,1049,1,0,0,0,517,0,0,0,0,27,609,0,5,0,0,0,0,0,0,0,0,0,0,0
42,33,0,25,14,6,0,1.053435,0.959054,1.015633,19,2,1167,12.490072,9.490072,44,44,2,0,100,-100,-100,1,160,37,881,21,0,0,6264,349,0,7,0,2018,532,0,14,0,1059,1,0,0,0,500,0,0,6,0,136,734,24,15,0,0,50,0,4,0,0,3,3,0,0
42,33,1,42,14,6,0,1.060849,1.01511,1.01428,35,0,667,76.881679,73.881679,44,44,2,100,0,-100,-100,1,160,37,667,39,0,0,6264,350,0,13,0,2018,598,0,26,0,1059,0,0,2,0,500,0,0,5,0,136,463,20,21,0,0,8,1,3,0,0,2,2,0,0
42,33,2,60,14,6,0,1.04199,0.98761,0.992243,49,4,1667,100,100,44,44,2,-100,-100,0,100,1,160,37,539,48,0,0,6264,347,0,16,0,2018,540,0,32,0,1059,0,0,8,0,500,0,0,19,0,136,1246,76,30,0,0,19,4,3,0,0,3,3,0,0
42,33,3,29,14,6,0,1.017248,0.988279,0.961678,14,1,917,0,0,44,44,2,-100,-100,100,0,1,160,37,917,21,0,0,6264,332,0,7,0,2018,590,0,14,0,1059,0,0,4,0,500,0,0,6,0,136,618,24,15,0,0,0,2,2,0,0,2,2,0,0
42,34,0,25,14,6,0,1.056213,0.95935,1.020163,20,2,1167,5.514586,2.514586,46,46,2,0,100,-100,-100,1,160,20,900,21,0,0,6064,373,0,7,0,2015,539,0,14,0,1044,1,0,4,0,521,0,0,4,0,54,742,16,17,0,0,49,2,3,0,0,2,2,0,0
42,34,1,44,14,6,0,1.059634,1.015947,1.015014,36,0,667,79.881679,76.881679,46,46,2,100,0,-100,-100,1,160,20,667,36,0,0,6064,392,0,12,0,2015,610,0,24,0,1044,1,0,6,0,521,0,0,1,0,54,468,4,26,0,0,7,3,4,0,0,3,3,0,0
42,34,2,64,14,6,0,1.044279,0.986865,0.993315,50,4,1667,100,100,46,46,2,-100,-100,0,100,1,160,20,573,51,0,0,6064,366,0,17,0,2015,557,0,34,0,1044,0,0,16,0,521,0,0,7,0,54,1267,28,41,0,0,23,8,4,0,0,4,4,0,0
42,34,3,31,14,6,0,1.022353,0.980732,0.961834,15,1,917,0,0,46,46,2,-100,-100,100,0,1,160,20,917,21,0,0,6064,384,0,7,0,2015,597,0,14,0,1044,1,0,0,0,521,0,0,2,0,54,623,8,7,0,0,0,0,0,0,0,0,0,0,0
42,35,0,26,8,13,0,1.053102,0.961133,1.021614,21,2,1167,8.514586,5.514586,47,47,2,0,100,-100,-100,1,160,22,924,21,0,0,6296,341,0,7,0,2083,529,0,14,0,1045,1,0,6,0,504,0,0,2,0,0,765,8,19,0,0,49,3,3,0,0,2,2,0,0
42,35,1,40,8,13,0,1.061257,1.016092,1.013484,37,0,667,74.324206,71.324206,47,47,2,100,0,-100,-100,1,160,22,667,39,0,0,6296,335,0,13,0,2083,599,0,26,0,1045,1,0,4,0,504,0,0,4,0,0,494,16,21,0,0,7,2,2,0,0,1,1,0,0
42,35,2,62,8,13,0,1.043524,0.988938,0.992536,51,4,1667,100,100,47,47,2,-100,-100,0,100,1,160,22,600,57,0,0,6296,379,0,19,0,2083,543,0,38,0,1045,0,0,14,0,504,0,0,16,0,0,1319,64,43,0,0,25,7,5,0,0,5,5,0,0
42,35,3,31,8,13,0,1.020119,0.9786,0.960011,13,1,917,0,0,47,47,2,-100,-100,100,0,1,160,22,917,24,0,0,6296,345,0,8,0,2083,593,0,16,0,1045,0,0,4,0,504,0,0,7,0,0,669,28,16,0,0,0,2,2,0,0,2,2,0,0
42,36,0,30,17,8,0,1.053543,0.961353,1.016873,22,2,1167,11.514586,8.514586,47,47,2,0,100,-100,-100,1,160,16,955,24,0,0,6064,363,0,8,0,2003,537,0,16,0,1028,1,0,6,0,485,0,0,6,0,57,781,24,20,0,0,49,3,3,0,0,2,2,0,0
42,36,1,40,17,8,0,1.060086,1.017278,1.011024,35,0,667,77.324206,74.324206,47,47,2,100,0,-100,-100,1,160,16,667,36,0,0,6064,363,0,12,0,2003,611,0,24,0,1028,0,0,18,0,485,0,0,6,0,57,505,24,34,0,0,14,9,2,0,0,1,1,0,0
42,36,2,64,17,8,0,1.046394,0.994297,0.991214,53,4,1667,100,100,47,47,2,-100,-100,0,100,1,160,16,632,54,0,0,6064,403,0,18,0,2003,561,0,36,0,1028,1,0,14,0,485,0,0,24,0,57,1411,96,38,0,0,29,7,3,0,0,3,3,0,0
42,36,3,34,17,8,0,1.025459,0.973761,0.959448,14,1,917,0,0,47,47,2,-100,-100,100,0,1,160,16,917,24,0,0,6064,394,0,8,0,2003,598,0,16,0,1028,0,0,6,0,485,0,0,15,0,57,721,60,20,0,0,0,3,3,0,0,3,3,0,0
42,37,0,30,13,16,0,1.056456,0.956189,1.010775,19,2,1167,3,0,48,48,2,0,100,-100,-100,1,160,32,984,27,0,0,6256,372,0,9,0,1991,546,0,18,0,1072,1,0,0,0,454,3,0,11,0,32,823,44,17,0,0,34,0,4,0,0,3,3,0,0
42,37,1,39,13,16,0,1.056502,1.017681,1.015442,33,0,667,80.324206,77.324206,48,48,2,100,0,-100,-100,1,160,32,667,36,0,0,6256,383,0,12,0,1991,623,0,24,0,1072,0,0,0,0,454,3,0,16,0,32,569,64,18,0,0,11,0,3,0,0,2,2,0,0
42,37,2,62,13,16,0,1.051862,0.992345,0.9971,51,4,1667,100,100,48,48,2,-100,-100,0,100,1,160,32,662,60,0,0,6256,319,0,20,0,1991,581,0,40,0,1072,1,0,0,0,454,0,0,26,0,32,1521,104,28,0,0,25,0,4,0,0,4,4,0,0
42,37,3,34,13,16,0,1.028253,0.97222,0.958652,16,1,917,0,0,48,48,2,-100,-100,100,0,1,160,32,917,27,0,0,6256,351,0,9,0,1991,604,0,18,0,1072,0,0,0,0,454,0,0,11,0,32,790,44,9,0,0,0,0,0,0,0,0,0,0,0
42,38,0,29,10,13,0,1.053285,0.955349,1.011226,19,2,1167,3,0,49,49,2,0,100,-100,-100,1,160,45,1011,30,0,0,6216,332,0,10,0,1991,556,0,20,0,992,1,0,20,0,510,0,0,3,0,34,822,12,40,0,0,23,10,5,0,0,4,4,0,0
42,38,1,36,10,13,0,1.057767,1.013997,1.010631,32,0,667,83.324206,80.324206,49,49,2,100,0,-100,-100,1,160,45,667,33,0,0,6216,333,0,11,0,1991,634,0,22,0,992,1,0,20,0,510,0,0,3,0,34,583,12,37,0,0,18,10,3,0,0,2,2,0,0
42,38,2,61,10,13,0,1.051892,0.987835,0.998686,51,4,1667,100,100,49,49,2,-100,-100,0,100,1,160,45,695,60,0,0,6216,333,0,20,0,1991,601,0,40,0,992,1,0,18,0,510,0,0,17,0,34,1572,68,44,0,0,31,9,3,0,0,3,3,0,0
42,38,3,36,10,13,0,1.030814,0.969906,0.961635,15,1,917,3,0,49,49,2,-100,-100,100,0,1,160,45,917,27,0,0,6216,396,0,9,0,1991,610,0,18,0,992,0,0,12,0,510,0,0,6,0,34,785,24,35,0,0,7,6,7,0,0,6,6,0,0
42,39,0,26,7,15,0,1.058584,0.959879,1.012028,19,2,1167,3,0,51,51,2,0,100,-100,-100,1,160,39,1036,27,0,0,6176,334,0,9,0,1997,565,0,18,0,973,0,0,10,0,536,0,0,0,0,32,815,0,25,0,0,14,5,3,0,0,2,2,0,0
42,39,1,36,7,15,0,1.055326,1.015851,1.008692,33,0,667,86.324206,83.324206,51,51,2,100,0,-100,-100,1,160,39,667,33,0,0,6176,374,0,11,0,1997,645,0,22,0,973,1,0,18,0,536,0,0,0,0,32,568,0,33,0,0,25,9,2,0,0,1,1,0,0
42,39,2,56,7,15,0,1.053739,0.990018,0.997444,48,4,1667,100,100,51,51,2,-100,-100,0,100,1,160,39,716,57,0,0,6176,349,0,19,0,1997,620,0,38,0,973,0,0,34,0,536,0,0,0,0,32,1545,0,61,0,0,44,17,4,0,0,4,4,0,0
42,39,3,36,7,15,0,1.031021,0.970092,0.962607,20,1,917,3,0,51,51,2,-100,-100,100,0,1,160,39,917,30,0,0,6176,350,0,10,0,1997,617,0,20,0,973,1,0,14,0,536,0,0,0,0,32,781,0,36,0,0,10,7,6,0,0,5,5,0,0
42,40,0,26,10,6,0,1.057406,0.957658,1.002078,20,2,1167,0,0,52,52,2,0,100,-100,-100,1,160,41,1061,27,0,0,6168,315,0,9,0,2000,574,0,18,0,1051,0,0,6,0,482,0,0,0,0,29,818,0,19,0,0,1,3,2,0,0,2,2,0,0
42,40,1,35,10,6,0,1.055064,1.014634,1.009049,32,0,667,89.324206,86.324206,52,52,2,100,0,-100,-100,1,160,41,667,33,0,0,6168,327,0,11,0,2000,645,0,22,0,1051,0,0,6,0,482,0,0,12,0,29,629,48,21,0,0,26,3,2,0,0,1,1,0,0
42,40,2,57,10,6,0,1.05651,0.987413,0.998718,50,4,1667,100,100,52,52,2,-100,-100,0,100,1,160,41,742,54,0,0,6168,371,0,18,0,2000,638,0,36,0,1051,0,0,10,0,482,0,0,21,0,29,1631,84,32,0,0,47,5,2,0,0,2,2,0,0
42,40,3,40,10,6,0,1.032658,0.96651,0.965512,25,1,917,6,3,52,52,2,-100,-100,100,0,1,160,41,917,33,0,0,6168,407,0,11,0,2000,625,0,22,0,1051,1,0,0,0,482,2,0,19,0,29,851,76,23,0,0,7,0,6,0,0,5,5,0,0
