graine,resultat,jour,pas,faction_dernier_individu,premiere_faction_seule,jour_faction_seule,masque_dernier_groupe,effectif_dernier_groupe,bleus_restants,magas_restants,verts_restants,violets_restants,raids,attaques_coalition,vitesse,taille,perception,peau_a,peau_b,sexe,metier
0,limite_jours,200,86781,-1,1,23,2,25,0,25,0,0,41,1,0.000000,0.000000,0.000000,-1,-1,-1,-1
1,dernier_individu,30,13043,2,2,30,4,1,0,0,1,0,81,1,0.987992,0.950129,1.053559,2,2,0,2
2,limite_jours,200,88302,-1,-1,0,12,13,0,0,12,1,55,6,0.000000,0.000000,0.000000,-1,-1,-1,-1
3,dernier_individu,58,25447,0,0,58,1,1,1,0,0,0,71,13,1.007395,0.866208,0.994726,0,0,0,3
4,dernier_individu,153,53277,3,3,153,8,1,0,0,0,1,53,2,1.001096,1.049786,1.153846,3,2,1,2
5,dernier_individu,84,33200,3,3,84,8,1,0,0,0,1,50,0,1.012282,0.948612,0.988725,3,3,1,0
6,dernier_individu,59,23159,1,1,26,2,1,0,1,0,0,61,2,1.062710,0.965166,0.898594,0,1,1,2
7,dernier_individu,153,62250,1,1,31,2,1,0,1,0,0,65,1,1.071746,1.012726,1.002706,1,1,0,3
8,dernier_individu,53,22829,1,1,43,2,1,0,1,0,0,57,1,0.975140,0.920425,0.978072,1,1,0,2
9,dernier_individu,147,60780,1,1,30,2,1,0,1,0,0,50,1,0.971922,1.034627,0.937360,1,1,0,2
10,limite_jours,200,88513,-1,1,12,2,17,0,17,0,0,51,0,0.000000,0.000000,0.000000,-1,-1,-1,-1
11,dernier_individu,41,15654,1,1,16,2,1,0,1,0,0,60,5,1.041511,0.997352,0.939761,1,1,0,1
12,dernier_individu,21,8300,1,1,21,2,1,0,1,0,0,40,1,0.974592,0.914632,0.969052,1,1,1,1
13,dernier_individu,30,12249,2,2,30,4,1,0,0,1,0,56,2,0.992159,1.046870,1.079457,2,2,1,0
14,limite_jours,200,75535,-1,2,166,4,2,0,0,2,0,38,6,0.000000,0.000000,0.000000,-1,-1,-1,-1
15,dernier_individu,24,9742,1,1,21,2,1,0,1,0,0,39,0,0.978872,0.957713,0.962401,1,1,0,1
16,dernier_individu,67,27276,1,1,24,2,1,0,1,0,0,59,5,1.085834,1.015817,0.995090,1,1,1,2
17,dernier_individu,95,34746,2,2,95,4,1,0,0,1,0,43,10,1.063354,0.937231,1.015989,2,2,0,2
18,dernier_individu,53,19287,0,0,53,1,1,1,0,0,0,45,3,0.971130,1.033891,1.101648,0,0,1,0
19,dernier_individu,31,12852,1,1,24,2,1,0,1,0,0,48,0,1.043951,0.880783,0.993853,1,1,0,2
20,limite_jours,200,78167,-1,2,75,4,2,0,0,2,0,47,7,0.000000,0.000000,0.000000,-1,-1,-1,-1
21,limite_jours,200,89822,-1,-1,0,9,12,2,0,0,10,44,12,0.000000,0.000000,0.000000,-1,-1,-1,-1
22,dernier_individu,30,10884,0,0,21,1,1,1,0,0,0,43,6,1.030833,1.008578,1.115674,0,0,0,1
23,dernier_individu,68,28050,1,1,40,2,1,0,1,0,0,72,7,1.011412,0.951431,1.098794,3,1,0,3
24,dernier_individu,93,35164,0,0,93,1,1,1,0,0,0,41,10,0.944702,1.039872,0.978149,0,0,1,2
25,limite_jours,200,85014,-1,0,159,1,15,15,0,0,0,36,2,0.000000,0.000000,0.000000,-1,-1,-1,-1
26,limite_jours,200,82076,-1,0,74,1,3,3,0,0,0,49,12,0.000000,0.000000,0.000000,-1,-1,-1,-1
27,dernier_individu,43,17014,1,1,23,2,1,0,1,0,0,65,1,1.138944,0.924268,0.995032,1,1,1,1
28,limite_jours,200,74989,-1,1,6,2,9,0,9,0,0,48,0,0.000000,0.000000,0.000000,-1,-1,-1,-1
29,dernier_individu,98,37599,2,2,69,4,1,0,0,1,0,39,10,1.027919,1.033045,1.053777,2,2,1,1
30,dernier_individu,117,45556,1,1,22,2,1,0,1,0,0,41,1,1.050277,1.053969,0.908721,1,1,0,0
31,dernier_individu,127,46949,2,2,30,4,1,0,0,1,0,37,3,1.006083,1.078797,1.087594,2,1,1,3
32,dernier_individu,116,44875,1,1,12,2,1,0,1,0,0,45,1,1.036586,0.953205,0.949281,1,1,1,1
33,dernier_individu,131,56913,1,1,30,2,1,0,1,0,0,74,0,1.037781,0.921234,0.947152,0,0,1,3
34,dernier_individu,36,14703,1,1,16,2,1,0,1,0,0,56,1,0.935346,0.948323,1.078142,1,1,0,0
35,limite_jours,200,88607,-1,3,75,8,2,0,0,0,2,49,11,0.000000,0.000000,0.000000,-1,-1,-1,-1
36,limite_jours,200,95119,-1,1,32,2,17,0,17,0,0,47,0,0.000000,0.000000,0.000000,-1,-1,-1,-1
37,dernier_individu,196,79258,0,0,152,1,1,1,0,0,0,39,12,0.914356,0.949978,0.975463,0,0,0,0
38,limite_jours,200,82048,-1,1,12,2,18,0,18,0,0,46,0,0.000000,0.000000,0.000000,-1,-1,-1,-1
39,limite_jours,200,79823,-1,1,12,2,17,0,17,0,0,61,1,0.000000,0.000000,0.000000,-1,-1,-1,-1
40,limite_jours,200,91407,-1,1,9,2,13,0,13,0,0,52,0,0.000000,0.000000,0.000000,-1,-1,-1,-1
41,dernier_individu,21,8888,0,0,21,1,1,1,0,0,0,51,1,0.949004,0.975116,0.946500,0,0,0,0
42,dernier_individu,41,17443,0,0,37,1,1,1,0,0,0,82,4,1.033609,0.925699,0.992752,0,0,1,1
43,limite_jours,200,88054,-1,1,11,2,14,0,14,0,0,69,1,0.000000,0.000000,0.000000,-1,-1,-1,-1
44,dernier_individu,46,18574,1,1,23,2,1,0,1,0,0,44,0,0.993298,0.910119,1.038310,1,1,1,1
45,dernier_individu,45,18237,1,1,34,2,1,0,1,0,0,76,2,0.966605,1.031039,0.915567,1,1,0,1
46,dernier_individu,65,25070,2,2,22,4,1,0,0,1,0,20,0,0.947471,0.963372,1.038592,2,2,0,1
47,dernier_individu,38,17357,1,1,28,2,1,0,1,0,0,56,1,1.008611,0.938589,1.092878,1,1,0,3
48,limite_jours,200,82182,-1,-1,0,9,5,1,0,0,4,38,4,0.000000,0.000000,0.000000,-1,-1,-1,-1
49,limite_jours,200,88593,-1,2,59,4,6,0,0,6,0,39,7,0.000000,0.000000,0.000000,-1,-1,-1,-1
50,dernier_individu,155,58704,1,1,26,2,1,0,1,0,0,56,4,1.015157,0.996802,1.067122,0,1,1,1
51,dernier_individu,49,19438,1,1,24,2,1,0,1,0,0,57,0,0.991373,0.981333,1.069546,1,1,1,2
52,dernier_individu,30,12335,0,0,30,1,1,1,0,0,0,57,9,1.043474,0.992528,1.085014,0,3,0,1
53,dernier_individu,101,39940,1,1,12,2,1,0,1,0,0,59,1,1.073453,0.979571,0.928521,1,0,1,1
54,limite_jours,200,91270,-1,3,181,8,4,0,0,0,4,71,4,0.000000,0.000000,0.000000,-1,-1,-1,-1
55,limite_jours,200,87082,-1,1,16,2,21,0,21,0,0,56,0,0.000000,0.000000,0.000000,-1,-1,-1,-1
56,dernier_individu,37,14451,2,2,37,4,1,0,0,1,0,66,2,1.044299,0.925913,0.907095,2,2,1,1
57,dernier_individu,76,28626,3,3,31,8,1,0,0,0,1,51,2,1.011157,0.989585,1.036339,3,1,0,1
58,limite_jours,200,83409,-1,-1,0,13,23,8,0,13,2,51,6,0.000000,0.000000,0.000000,-1,-1,-1,-1
59,limite_jours,200,81312,-1,1,12,2,8,0,8,0,0,77,3,0.000000,0.000000,0.000000,-1,-1,-1,-1
60,dernier_individu,162,64786,0,0,162,1,1,1,0,0,0,60,9,1.019882,0.919130,0.930464,0,0,1,0
61,dernier_individu,50,20842,1,1,15,2,1,0,1,0,0,44,2,0.982663,0.916581,0.960467,1,1,0,2
62,limite_jours,200,83380,-1,1,13,2,12,0,12,0,0,44,8,0.000000,0.000000,0.000000,-1,-1,-1,-1
63,dernier_individu,93,37404,0,0,25,1,1,1,0,0,0,40,12,1.043370,1.107402,0.974326,0,0,0,3
64,limite_jours,200,83627,-1,3,57,8,7,0,0,0,7,42,6,0.000000,0.000000,0.000000,-1,-1,-1,-1
65,limite_jours,200,87306,-1,1,16,2,17,0,17,0,0,54,0,0.000000,0.000000,0.000000,-1,-1,-1,-1
66,limite_jours,200,73796,-1,2,138,4,9,0,0,9,0,51,4,0.000000,0.000000,0.000000,-1,-1,-1,-1
67,limite_jours,200,83892,-1,-1,0,13,15,13,0,1,1,49,9,0.000000,0.000000,0.000000,-1,-1,-1,-1
68,dernier_individu,32,12494,3,3,32,8,1,0,0,0,1,53,2,1.076134,1.022988,1.030167,3,3,0,1
69,dernier_individu,33,12981,2,2,33,4,1,0,0,1,0,53,4,1.015623,0.962959,0.990696,2,2,1,1
70,dernier_individu,56,21703,2,2,56,4,1,0,0,1,0,63,1,1.055160,0.980738,1.110512,2,2,1,0
71,dernier_individu,56,22955,1,1,37,2,1,0,1,0,0,41,0,0.933229,0.946865,0.939458,1,1,1,3
72,dernier_individu,52,21739,1,1,37,2,1,0,1,0,0,57,1,0.938094,0.911305,0.951508,1,1,0,2
73,dernier_individu,191,75255,2,2,191,4,1,0,0,1,0,46,11,1.031836,0.963648,1.111930,2,2,0,1
74,dernier_individu,31,12550,1,1,14,2,1,0,1,0,0,65,5,1.012226,0.909221,0.990651,1,0,0,3
75,limite_jours,200,82177,-1,1,31,2,14,0,14,0,0,44,4,0.000000,0.000000,0.000000,-1,-1,-1,-1
76,dernier_individu,47,17311,2,2,46,4,1,0,0,1,0,63,10,1.085480,1.008431,0.913262,2,2,1,0
77,dernier_individu,25,10758,3,3,25,8,1,0,0,0,1,65,11,1.002044,0.966043,0.968413,3,2,1,1
78,limite_jours,200,84491,-1,-1,0,13,24,5,0,15,4,25,6,0.000000,0.000000,0.000000,-1,-1,-1,-1
79,dernier_individu,29,12103,1,1,10,2,1,0,1,0,0,47,1,1.093497,0.966491,1.093402,1,1,1,1
80,limite_jours,200,88208,-1,1,23,2,17,0,17,0,0,51,0,0.000000,0.000000,0.000000,-1,-1,-1,-1
81,dernier_individu,31,13721,1,1,31,2,1,0,1,0,0,46,2,0.999803,0.887954,1.002752,1,1,0,2
82,dernier_individu,76,32000,1,1,39,2,1,0,1,0,0,65,0,0.961210,0.956006,1.061084,1,1,0,1
83,limite_jours,200,91804,-1,1,25,2,16,0,16,0,0,68,1,0.000000,0.000000,0.000000,-1,-1,-1,-1
84,dernier_individu,32,12432,1,1,23,2,1,0,1,0,0,59,5,1.070109,0.986335,0.900507,1,1,1,2
85,dernier_individu,59,22653,0,0,59,1,1,1,0,0,0,41,2,1.038559,0.944528,0.976904,0,0,1,0
86,dernier_individu,44,17627,1,1,14,2,1,0,1,0,0,59,0,0.971743,1.059387,1.065398,1,1,1,1
87,limite_jours,200,84173,-1,1,13,2,15,0,15,0,0,72,1,0.000000,0.000000,0.000000,-1,-1,-1,-1
88,dernier_individu,65,25183,1,1,49,2,1,0,1,0,0,55,0,0.955703,0.957453,0.933495,1,1,0,0
89,dernier_individu,31,12689,1,1,20,2,1,0,1,0,0,43,0,1.158697,1.067649,1.013313,1,1,0,2
90,dernier_individu,59,25138,1,1,34,2,1,0,1,0,0,62,0,0.915247,0.959730,1.009087,1,1,0,3
91,dernier_individu,36,15751,1,1,32,2,1,0,1,0,0,64,8,0.986881,0.904616,0.964844,1,1,1,1
92,limite_jours,200,92428,-1,-1,0,5,21,15,0,6,0,54,5,0.000000,0.000000,0.000000,-1,-1,-1,-1
93,limite_jours,200,87207,-1,-1,0,9,16,14,0,0,2,57,7,0.000000,0.000000,0.000000,-1,-1,-1,-1
94,limite_jours,200,83770,-1,1,10,2,11,0,11,0,0,45,0,0.000000,0.000000,0.000000,-1,-1,-1,-1
95,limite_jours,200,92693,-1,-1,0,12,28,0,0,14,14,26,4,0.000000,0.000000,0.000000,-1,-1,-1,-1
96,dernier_individu,77,30828,0,0,73,1,1,1,0,0,0,54,17,1.027108,0.991591,1.085504,0,0,1,0
97,dernier_individu,93,37303,2,2,93,4,1,0,0,1,0,34,1,1.003183,1.092360,1.066057,2,0,0,0
98,dernier_individu,31,13070,1,1,18,2,1,0,1,0,0,53,3,0.908409,0.966759,0.996982,1,1,0,3
99,limite_jours,200,79499,-1,1,19,2,14,0,14,0,0,66,9,0.000000,0.000000,0.000000,-1,-1,-1,-1
100,dernier_individu,70,25417,0,0,70,1,1,1,0,0,0,48,1,1.052595,1.032028,0.953877,0,0,0,0
101,dernier_individu,59,24134,1,1,20,2,1,0,1,0,0,66,1,1.009510,0.970158,1.070393,0,1,0,1
102,dernier_individu,42,16955,1,1,23,2,1,0,1,0,0,70,4,0.991338,0.998104,1.012075,1,1,1,0
103,dernier_individu,128,51972,1,1,57,2,1,0,1,0,0,82,1,0.955654,0.922403,1.042442,1,1,1,0
104,limite_jours,200,88172,-1,-1,0,5,29,26,0,3,0,22,2,0.000000,0.000000,0.000000,-1,-1,-1,-1
105,dernier_individu,53,19648,1,1,53,2,1,0,1,0,0,63,4,1.054191,1.001726,0.988056,1,1,1,2
106,dernier_individu,140,54493,1,1,21,2,1,0,1,0,0,54,1,0.998799,0.979066,0.909772,1,1,0,0
107,limite_jours,200,89432,-1,1,27,2,13,0,13,0,0,64,1,0.000000,0.000000,0.000000,-1,-1,-1,-1
108,dernier_individu,42,16797,3,3,42,8,1,0,0,0,1,49,11,1.039982,0.931126,0.908697,3,3,1,1
109,dernier_individu,35,14069,3,3,35,8,1,0,0,0,1,39,0,0.914619,0.998878,0.999702,3,3,1,2
110,limite_jours,200,86333,-1,1,11,2,13,0,13,0,0,54,0,0.000000,0.000000,0.000000,-1,-1,-1,-1
111,dernier_individu,14,5624,3,3,14,8,1,0,0,0,1,63,2,0.994991,0.998864,1.028827,3,3,1,1
112,dernier_individu,83,33227,0,0,75,1,1,1,0,0,0,39,2,1.131865,1.007058,1.015593,0,3,1,1
113,dernier_individu,43,17223,1,1,43,2,1,0,1,0,0,62,0,0.967028,0.920848,1.092183,1,1,0,1
114,limite_jours,200,78776,-1,1,33,2,15,0,15,0,0,62,0,0.000000,0.000000,0.000000,-1,-1,-1,-1
115,dernier_individu,154,59524,3,3,154,8,1,0,0,0,1,53,4,0.998788,0.915290,1.048932,3,3,0,0
116,limite_jours,200,87177,-1,-1,0,12,6,0,0,3,3,63,8,0.000000,0.000000,0.000000,-1,-1,-1,-1
117,dernier_individu,38,16300,1,1,32,2,1,0,1,0,0,55,0,0.857797,1.079284,1.014438,2,1,1,1
118,dernier_individu,21,8778,1,1,18,2,1,0,1,0,0,57,2,0.986156,1.066183,0.985954,1,1,0,3
119,dernier_individu,67,27599,1,1,24,2,1,0,1,0,0,57,0,1.054549,0.951240,0.889392,1,1,1,2
120,dernier_individu,44,16916,3,3,44,8,1,0,0,0,1,55,1,0.890928,1.071573,1.111390,3,3,1,0
121,limite_jours,200,86225,-1,1,13,2,8,0,8,0,0,53,0,0.000000,0.000000,0.000000,-1,-1,-1,-1
122,limite_jours,200,84481,-1,-1,0,5,23,22,0,1,0,27,4,0.000000,0.000000,0.000000,-1,-1,-1,-1
123,dernier_individu,65,25999,1,1,18,2,1,0,1,0,0,72,2,1.013981,0.959520,0.989791,1,1,1,0
124,dernier_individu,27,10625,1,1,27,2,1,0,1,0,0,64,8,0.922864,0.991366,1.000598,1,1,1,2
125,dernier_individu,72,28584,0,0,72,1,1,1,0,0,0,60,15,1.029170,1.001180,1.030681,0,0,1,0
126,limite_jours,200,80749,-1,1,38,2,15,0,15,0,0,69,0,0.000000,0.000000,0.000000,-1,-1,-1,-1
127,dernier_individu,109,40599,3,3,109,8,1,0,0,0,1,54,3,1.046020,0.997384,1.053877,3,3,0,0
128,limite_jours,200,84258,-1,1,26,2,9,0,9,0,0,73,0,0.000000,0.000000,0.000000,-1,-1,-1,-1
129,dernier_individu,119,45411,1,1,19,2,1,0,1,0,0,80,2,1.100740,0.908387,1.049619,1,1,0,2
130,dernier_individu,20,8175,3,3,20,8,1,0,0,0,1,38,5,0.896024,1.081186,0.958508,3,3,0,2
131,dernier_individu,57,21464,0,0,41,1,1,1,0,0,0,43,0,1.024781,1.030101,1.066903,0,0,1,0
132,limite_jours,200,87168,-1,1,27,2,11,0,11,0,0,46,0,0.000000,0.000000,0.000000,-1,-1,-1,-1
133,dernier_individu,38,14825,1,1,38,2,1,0,1,0,0,48,0,0.971876,0.962658,0.975442,1,1,0,3
134,dernier_individu,146,63702,1,1,16,2,1,0,1,0,0,42,0,0.959579,0.960238,0.919506,1,1,1,3
135,dernier_individu,41,16286,0,0,30,1,1,1,0,0,0,44,0,1.000360,0.950419,0.977994,0,0,0,0
136,limite_jours,200,74106,-1,0,50,1,2,2,0,0,0,43,4,0.000000,0.000000,0.000000,-1,-1,-1,-1
137,dernier_individu,155,61771,3,3,97,8,1,0,0,0,1,28,5,0.950146,1.122813,1.054307,3,3,0,1
138,dernier_individu,47,18200,2,2,47,4,1,0,0,1,0,47,10,0.974941,0.933570,0.999831,2,2,1,1
139,limite_jours,200,88025,-1,1,13,2,11,0,11,0,0,67,2,0.000000,0.000000,0.000000,-1,-1,-1,-1
140,dernier_individu,29,11941,3,3,29,8,1,0,0,0,1,53,3,1.072126,1.035177,0.961825,3,3,0,3
141,limite_jours,200,85205,-1,-1,0,9,4,3,0,0,1,65,11,0.000000,0.000000,0.000000,-1,-1,-1,-1
142,limite_jours,200,85045,-1,1,21,2,17,0,17,0,0,87,1,0.000000,0.000000,0.000000,-1,-1,-1,-1
143,limite_jours,200,89102,-1,1,19,2,17,0,17,0,0,48,0,0.000000,0.000000,0.000000,-1,-1,-1,-1
144,dernier_individu,24,10659,3,3,24,8,1,0,0,0,1,51,3,1.030409,1.027505,1.111314,3,3,0,3
145,limite_jours,200,79651,-1,1,14,2,11,0,11,0,0,61,1,0.000000,0.000000,0.000000,-1,-1,-1,-1
146,dernier_individu,176,69708,0,0,176,1,1,1,0,0,0,40,2,0.906026,1.024096,1.044561,0,0,0,3
147,limite_jours,200,75309,-1,1,19,2,11,0,11,0,0,51,2,0.000000,0.000000,0.000000,-1,-1,-1,-1
148,dernier_individu,139,59315,1,1,15,2,1,0,1,0,0,50,0,1.010194,0.991919,1.041045,1,1,0,3
149,limite_jours,200,94571,-1,-1,0,5,13,12,0,1,0,35,5,0.000000,0.000000,0.000000,-1,-1,-1,-1
150,dernier_individu,83,31476,1,1,17,2,1,0,1,0,0,54,0,0.964677,1.046830,1.008232,1,1,0,2
151,limite_jours,200,81260,-1,1,23,2,13,0,13,0,0,70,2,0.000000,0.000000,0.000000,-1,-1,-1,-1
152,dernier_individu,88,31980,0,0,88,1,1,1,0,0,0,52,5,0.987431,0.964238,1.000100,0,0,1,1
153,dernier_individu,33,13122,0,0,33,1,1,1,0,0,0,65,0,1.008139,1.135996,1.002885,0,0,0,0
154,limite_jours,200,88222,-1,3,26,8,18,0,0,0,18,33,5,0.000000,0.000000,0.000000,-1,-1,-1,-1
155,dernier_individu,28,11417,0,0,28,1,1,1,0,0,0,50,3,0.967127,0.953751,0.966910,0,0,0,0
156,limite_jours,200,76356,-1,1,19,2,16,0,16,0,0,57,0,0.000000,0.000000,0.000000,-1,-1,-1,-1
157,limite_jours,200,89185,-1,1,17,2,20,0,20,0,0,56,0,0.000000,0.000000,0.000000,-1,-1,-1,-1
158,dernier_individu,173,64190,1,1,77,2,1,0,1,0,0,61,0,1.092674,0.939374,1.102592,1,1,0,2
159,dernier_individu,26,10564,1,1,15,2,1,0,1,0,0,58,1,0.945932,1.032286,1.042116,1,1,0,1
160,limite_jours,200,87830,-1,-1,0,5,6,2,0,4,0,50,13,0.000000,0.000000,0.000000,-1,-1,-1,-1
161,limite_jours,200,83291,-1,0,42,1,23,23,0,0,0,46,1,0.000000,0.000000,0.000000,-1,-1,-1,-1
162,limite_jours,200,92601,-1,-1,0,9,29,11,0,0,18,30,7,0.000000,0.000000,0.000000,-1,-1,-1,-1
163,dernier_individu,115,48089,0,0,115,1,1,1,0,0,0,57,8,0.924467,0.930467,1.026859,3,0,0,0
164,limite_jours,200,89405,-1,-1,0,9,5,2,0,0,3,38,4,0.000000,0.000000,0.000000,-1,-1,-1,-1
165,limite_jours,200,70278,-1,-1,0,12,2,0,0,1,1,56,17,0.000000,0.000000,0.000000,-1,-1,-1,-1
166,dernier_individu,52,21659,1,1,51,2,1,0,1,0,0,85,9,0.978207,1.015158,0.974612,1,1,0,1
167,limite_jours,200,93751,-1,0,163,1,4,4,0,0,0,52,9,0.000000,0.000000,0.000000,-1,-1,-1,-1
168,dernier_individu,19,7586,1,1,18,2,1,0,1,0,0,56,2,1.021927,1.073007,0.946996,1,1,1,2
169,dernier_individu,42,17813,1,1,11,2,1,0,1,0,0,43,0,0.966082,0.996304,0.985880,1,1,1,1
170,dernier_individu,46,17661,2,2,46,4,1,0,0,1,0,66,1,1.087946,0.937915,0.978362,2,2,1,0
171,limite_jours,200,77842,-1,1,15,2,15,0,15,0,0,33,0,0.000000,0.000000,0.000000,-1,-1,-1,-1
172,dernier_individu,151,53760,0,0,28,1,1,1,0,0,0,33,10,1.037592,0.967524,1.009177,0,0,0,0
173,limite_jours,200,86345,-1,1,15,2,15,0,15,0,0,78,0,0.000000,0.000000,0.000000,-1,-1,-1,-1
174,limite_jours,200,90539,-1,2,31,4,5,0,0,5,0,49,2,0.000000,0.000000,0.000000,-1,-1,-1,-1
175,limite_jours,200,89485,-1,-1,0,13,22,6,0,14,2,48,7,0.000000,0.000000,0.000000,-1,-1,-1,-1
176,limite_jours,200,86493,-1,1,6,2,17,0,17,0,0,34,0,0.000000,0.000000,0.000000,-1,-1,-1,-1
177,limite_jours,200,81172,-1,-1,0,9,14,13,0,0,1,33,7,0.000000,0.000000,0.000000,-1,-1,-1,-1
178,limite_jours,200,83760,-1,1,10,2,22,0,22,0,0,48,0,0.000000,0.000000,0.000000,-1,-1,-1,-1
179,dernier_individu,50,17716,0,0,23,1,1,1,0,0,0,56,9,1.009749,1.001958,1.018099,0,0,1,1
180,limite_jours,200,78504,-1,1,9,2,17,0,17,0,0,54,0,0.000000,0.000000,0.000000,-1,-1,-1,-1
181,dernier_individu,72,28759,2,2,72,4,1,0,0,1,0,56,7,0.944444,1.146872,1.051626,2,0,1,3
182,limite_jours,200,87658,-1,1,10,2,8,0,8,0,0,84,1,0.000000,0.000000,0.000000,-1,-1,-1,-1
183,limite_jours,200,85702,-1,0,22,1,17,17,0,0,0,41,0,0.000000,0.000000,0.000000,-1,-1,-1,-1
184,dernier_individu,18,7279,1,1,18,2,1,0,1,0,0,43,0,1.057794,0.995597,0.978233,1,1,0,1
185,dernier_individu,38,15582,1,1,19,2,1,0,1,0,0,64,3,0.899770,0.940696,1.047682,1,1,1,0
186,limite_jours,200,89842,-1,1,10,2,18,0,18,0,0,43,0,0.000000,0.000000,0.000000,-1,-1,-1,-1
187,dernier_individu,24,9510,1,1,14,2,1,0,1,0,0,34,1,1.078202,0.973567,0.977456,1,1,1,0
188,dernier_individu,25,9336,2,2,25,4,1,0,0,1,0,32,2,0.999939,1.066637,0.991115,2,2,0,1
189,dernier_individu,38,15758,1,1,17,2,1,0,1,0,0,53,0,0.925223,0.924963,0.948275,2,1,0,2
190,dernier_individu,136,49817,0,0,39,1,1,1,0,0,0,60,12,1.124685,0.964180,1.030575,0,0,1,2
191,dernier_individu,59,22758,3,3,59,8,1,0,0,0,1,48,5,0.991744,0.915250,1.019932,3,3,1,0
192,dernier_individu,88,36410,3,3,25,8,1,0,0,0,1,28,0,0.918633,0.928547,0.991736,3,3,0,2
193,limite_jours,200,80707,-1,1,20,2,15,0,15,0,0,45,0,0.000000,0.000000,0.000000,-1,-1,-1,-1
194,dernier_individu,172,77048,1,1,23,2,1,0,1,0,0,41,0,1.029542,0.913239,0.900878,1,1,0,1
195,limite_jours,200,79347,-1,1,21,2,8,0,8,0,0,68,1,0.000000,0.000000,0.000000,-1,-1,-1,-1
196,dernier_individu,36,14822,0,0,36,1,1,1,0,0,0,58,4,1.038474,1.021685,0.793750,0,0,0,0
197,dernier_individu,56,21311,1,1,43,2,1,0,1,0,0,33,0,1.027318,0.983647,0.997273,1,1,1,0
198,dernier_individu,50,19442,2,2,50,4,1,0,0,1,0,46,4,1.048716,1.006643,1.057033,2,2,1,2
199,limite_jours,200,76147,-1,1,16,2,14,0,14,0,0,44,0,0.000000,0.000000,0.000000,-1,-1,-1,-1
200,limite_jours,200,83531,-1,1,17,2,5,0,5,0,0,40,1,0.000000,0.000000,0.000000,-1,-1,-1,-1
201,limite_jours,200,80643,-1,2,37,4,5,0,0,5,0,76,1,0.000000,0.000000,0.000000,-1,-1,-1,-1
202,limite_jours,200,82797,-1,1,16,2,18,0,18,0,0,66,1,0.000000,0.000000,0.000000,-1,-1,-1,-1
203,dernier_individu,46,18951,1,1,14,2,1,0,1,0,0,66,2,0.992551,1.032144,0.996071,1,1,1,2
204,limite_jours,200,92007,-1,-1,0,13,11,1,0,1,9,26,6,0.000000,0.000000,0.000000,-1,-1,-1,-1
205,limite_jours,200,85928,-1,1,31,2,14,0,14,0,0,76,0,0.000000,0.000000,0.000000,-1,-1,-1,-1
206,dernier_individu,30,11996,1,1,23,2,1,0,1,0,0,50,1,0.987415,1.045138,1.015389,1,1,1,1
207,limite_jours,200,82366,-1,1,33,2,4,0,4,0,0,46,0,0.000000,0.000000,0.000000,-1,-1,-1,-1
208,dernier_individu,30,11970,3,3,30,8,1,0,0,0,1,72,9,1.021763,1.004105,1.124879,3,3,1,2
209,dernier_individu,75,29944,1,1,23,2,1,0,1,0,0,45,0,0.934721,0.950184,0.936933,1,1,0,1
210,dernier_individu,27,11724,1,1,24,2,1,0,1,0,0,41,5,1.065805,1.037587,1.025295,1,1,0,1
211,dernier_individu,43,17580,1,1,13,2,1,0,1,0,0,40,1,0.956409,0.923810,0.942442,1,1,0,1
212,dernier_individu,179,81100,1,1,16,2,1,0,1,0,0,47,3,0.988067,0.920088,0.994704,2,1,0,3
213,limite_jours,200,91223,-1,1,17,2,15,0,15,0,0,58,3,0.000000,0.000000,0.000000,-1,-1,-1,-1
214,limite_jours,200,91478,-1,1,21,2,18,0,18,0,0,46,0,0.000000,0.000000,0.000000,-1,-1,-1,-1
215,limite_jours,200,86517,-1,1,15,2,15,0,15,0,0,62,0,0.000000,0.000000,0.000000,-1,-1,-1,-1
216,dernier_individu,112,47077,0,0,66,1,1,1,0,0,0,43,5,0.978347,0.980854,1.011856,0,0,0,3
217,dernier_individu,27,11378,0,0,27,1,1,1,0,0,0,62,5,1.058521,0.978811,1.058125,0,0,1,1
218,dernier_individu,108,41366,1,1,6,2,1,0,1,0,0,45,0,0.889648,1.050424,1.000195,2,1,1,3
219,limite_jours,200,92608,-1,1,13,2,10,0,10,0,0,62,0,0.000000,0.000000,0.000000,-1,-1,-1,-1
220,dernier_individu,66,27135,1,1,16,2,1,0,1,0,0,64,0,1.043643,0.982877,1.070595,1,1,0,3
221,dernier_individu,35,13228,1,1,35,2,1,0,1,0,0,50,4,1.034421,1.000879,0.902072,1,1,1,0
222,dernier_individu,51,18750,1,1,38,2,1,0,1,0,0,65,0,1.162642,0.961259,0.974724,1,1,1,3
223,dernier_individu,163,64203,1,1,13,2,1,0,1,0,0,79,1,1.017225,1.012722,0.956625,1,1,0,1
224,dernier_individu,54,22771,1,1,34,2,1,0,1,0,0,66,0,0.950660,0.870201,0.965655,1,1,1,1
225,dernier_individu,71,28143,2,2,37,4,1,0,0,1,0,43,2,1.041295,1.110587,1.027931,2,2,0,0
226,dernier_individu,41,16471,1,1,25,2,1,0,1,0,0,44,0,1.060799,0.999111,1.034376,1,1,0,1
227,limite_jours,200,90379,-1,1,23,2,18,0,18,0,0,60,0,0.000000,0.000000,0.000000,-1,-1,-1,-1
228,limite_jours,200,77579,-1,1,34,2,18,0,18,0,0,49,4,0.000000,0.000000,0.000000,-1,-1,-1,-1
229,limite_jours,200,79533,-1,1,26,2,7,0,7,0,0,65,0,0.000000,0.000000,0.000000,-1,-1,-1,-1
230,limite_jours,200,86677,-1,2,70,4,19,0,0,19,0,55,3,0.000000,0.000000,0.000000,-1,-1,-1,-1
231,limite_jours,200,82821,-1,1,16,2,15,0,15,0,0,64,2,0.000000,0.000000,0.000000,-1,-1,-1,-1
232,dernier_individu,147,58305,3,3,51,8,1,0,0,0,1,57,4,1.034146,0.951231,1.013116,3,3,1,1
233,limite_jours,200,76196,-1,1,10,2,7,0,7,0,0,48,0,0.000000,0.000000,0.000000,-1,-1,-1,-1
234,dernier_individu,120,46169,1,1,15,2,1,0,1,0,0,50,0,1.020642,0.990365,0.958916,1,1,1,3
235,limite_jours,200,83453,-1,1,15,2,16,0,16,0,0,50,0,0.000000,0.000000,0.000000,-1,-1,-1,-1
236,dernier_individu,113,53179,3,3,51,8,1,0,0,0,1,47,9,1.027328,1.091786,0.947729,3,3,0,3
237,dernier_individu,137,54398,1,1,14,2,1,0,1,0,0,55,0,1.020913,0.975094,1.038640,1,1,1,2
238,dernier_individu,38,16974,1,1,38,2,1,0,1,0,0,45,3,0.986279,0.811103,1.009525,1,0,1,1
239,dernier_individu,21,7946,1,1,11,2,1,0,1,0,0,42,1,0.974117,1.049360,0.970688,1,1,1,1
240,dernier_individu,100,33305,0,0,100,1,1,1,0,0,0,60,3,1.070915,1.075967,0.983652,0,0,1,0
241,limite_jours,200,86810,-1,1,26,2,15,0,15,0,0,57,0,0.000000,0.000000,0.000000,-1,-1,-1,-1
242,dernier_individu,40,16695,1,1,18,2,1,0,1,0,0,28,0,0.968086,0.916307,0.985974,1,1,1,0
243,dernier_individu,80,29755,0,0,41,1,1,1,0,0,0,40,0,1.083873,0.971703,0.903132,0,0,0,0
244,dernier_individu,67,26528,1,1,53,2,1,0,1,0,0,73,0,0.977436,0.988657,1.058641,1,1,0,2
245,dernier_individu,50,22718,2,2,50,4,1,0,0,1,0,36,0,0.934866,0.851744,1.002797,2,2,1,0
246,limite_jours,200,84364,-1,1,8,2,12,0,12,0,0,53,0,0.000000,0.000000,0.000000,-1,-1,-1,-1
247,dernier_individu,99,38962,2,2,74,4,1,0,0,1,0,56,7,1.022343,0.941971,1.082032,2,2,0,0
248,dernier_individu,47,17762,1,1,46,2,1,0,1,0,0,58,0,0.970746,0.957748,1.039604,1,0,1,3
249,dernier_individu,54,21603,1,1,27,2,1,0,1,0,0,68,0,0.938985,0.927572,1.009868,1,1,0,0
250,dernier_individu,56,22506,3,3,56,8,1,0,0,0,1,82,3,1.086473,0.920582,1.010911,3,3,1,3
251,dernier_individu,73,27801,3,3,21,8,1,0,0,0,1,38,0,1.015361,0.954509,0.997796,3,3,1,2
252,dernier_individu,123,46968,1,1,24,2,1,0,1,0,0,42,0,1.072235,0.941704,0.982241,1,1,1,2
253,limite_jours,200,84158,-1,1,15,2,7,0,7,0,0,45,1,0.000000,0.000000,0.000000,-1,-1,-1,-1
254,limite_jours,200,91134,-1,1,17,2,15,0,15,0,0,68,0,0.000000,0.000000,0.000000,-1,-1,-1,-1
255,dernier_individu,70,26853,1,1,14,2,1,0,1,0,0,56,0,1.018660,1.018973,1.004730,1,1,1,1
256,limite_jours,200,84733,-1,1,15,2,13,0,13,0,0,57,0,0.000000,0.000000,0.000000,-1,-1,-1,-1
257,limite_jours,200,76843,-1,-1,0,5,2,1,0,1,0,30,7,0.000000,0.000000,0.000000,-1,-1,-1,-1
258,limite_jours,200,86713,-1,1,13,2,13,0,13,0,0,50,6,0.000000,0.000000,0.000000,-1,-1,-1,-1
259,dernier_individu,184,81338,1,1,25,2,1,0,1,0,0,56,2,0.938341,0.943810,0.958833,1,0,0,0
260,dernier_individu,32,13484,1,1,12,2,1,0,1,0,0,36,0,1.042285,0.962609,1.047577,1,1,1,2
261,dernier_individu,186,83814,2,2,178,4,1,0,0,1,0,36,6,0.966333,0.842520,1.027635,3,2,1,0
262,limite_jours,200,77110,-1,1,31,2,16,0,16,0,0,63,4,0.000000,0.000000,0.000000,-1,-1,-1,-1
263,limite_jours,200,100073,-1,-1,0,13,25,3,0,3,19,42,2,0.000000,0.000000,0.000000,-1,-1,-1,-1
264,dernier_individu,113,47003,3,3,113,8,1,0,0,0,1,9,0,0.961678,0.965787,0.948609,3,3,0,2
265,dernier_individu,70,30783,1,1,69,2,1,0,1,0,0,52,1,0.879539,0.921520,1.020859,1,1,1,1
266,dernier_individu,175,68881,1,1,29,2,1,0,1,0,0,92,0,0.953792,0.968589,1.050730,1,1,0,0
267,dernier_individu,62,25466,3,3,62,8,1,0,0,0,1,51,4,0.965168,0.965738,1.034447,3,3,1,1
268,limite_jours,200,74738,-1,-1,0,5,2,1,0,1,0,74,7,0.000000,0.000000,0.000000,-1,-1,-1,-1
269,dernier_individu,134,56225,2,2,119,4,1,0,0,1,0,49,12,0.957272,0.915071,0.993006,2,2,0,1
270,dernier_individu,45,17300,1,1,45,2,1,0,1,0,0,42,0,1.014787,1.011663,1.087832,1,1,0,1
271,dernier_individu,64,25468,1,1,16,2,1,0,1,0,0,58,0,1.017027,0.926570,1.071090,1,1,0,3
272,limite_jours,200,82642,-1,-1,0,5,21,20,0,1,0,37,6,0.000000,0.000000,0.000000,-1,-1,-1,-1
273,limite_jours,200,89286,-1,1,24,2,7,0,7,0,0,53,1,0.000000,0.000000,0.000000,-1,-1,-1,-1
274,limite_jours,200,90824,-1,3,99,8,17,0,0,0,17,55,8,0.000000,0.000000,0.000000,-1,-1,-1,-1
275,limite_jours,200,88275,-1,-1,0,12,16,0,0,5,11,40,2,0.000000,0.000000,0.000000,-1,-1,-1,-1
276,dernier_individu,167,63291,3,3,38,8,1,0,0,0,1,28,0,0.963403,1.071659,0.898563,3,3,0,0
277,dernier_individu,67,23654,3,3,17,8,1,0,0,0,1,33,1,1.093829,1.146223,1.031760,3,3,0,1
278,dernier_individu,45,20661,3,3,45,8,1,0,0,0,1,77,2,1.047935,0.933037,1.049170,3,3,0,2
279,dernier_individu,169,63232,1,1,9,2,1,0,1,0,0,41,1,1.144571,1.060629,0.937644,1,1,0,3
280,limite_jours,200,91887,-1,-1,0,13,32,14,0,4,14,40,14,0.000000,0.000000,0.000000,-1,-1,-1,-1
281,dernier_individu,40,15511,3,3,40,8,1,0,0,0,1,50,3,0.999427,0.959050,0.982725,3,3,0,0
282,dernier_individu,73,29457,2,2,30,4,1,0,0,1,0,67,6,1.053122,1.016691,1.005520,2,2,0,1
283,dernier_individu,44,18191,1,1,18,2,1,0,1,0,0,41,1,1.028061,0.922158,0.905528,1,1,0,2
284,dernier_individu,132,49253,2,2,42,4,1,0,0,1,0,37,0,0.956796,1.014986,1.029441,2,2,1,0
285,limite_jours,200,84803,-1,1,19,2,15,0,15,0,0,61,3,0.000000,0.000000,0.000000,-1,-1,-1,-1
286,dernier_individu,33,12904,1,1,13,2,1,0,1,0,0,42,6,0.983002,0.985297,1.041504,1,1,1,1
287,dernier_individu,102,40369,0,0,102,1,1,1,0,0,0,58,5,1.076021,0.995469,1.060924,0,0,0,2
288,dernier_individu,93,36707,3,3,25,8,1,0,0,0,1,40,11,1.010045,0.873972,1.023382,3,3,0,1
289,dernier_individu,162,61150,1,1,19,2,1,0,1,0,0,67,2,1.056309,0.988674,1.085693,1,1,0,0
290,limite_jours,200,82006,-1,-1,0,13,27,25,0,1,1,49,15,0.000000,0.000000,0.000000,-1,-1,-1,-1
291,limite_jours,200,84168,-1,1,17,2,13,0,13,0,0,82,8,0.000000,0.000000,0.000000,-1,-1,-1,-1
292,dernier_individu,38,13920,1,1,38,2,1,0,1,0,0,48,0,1.054928,1.024187,0.967757,1,1,1,0
293,limite_jours,200,86234,-1,1,9,2,14,0,14,0,0,31,0,0.000000,0.000000,0.000000,-1,-1,-1,-1
294,dernier_individu,109,40622,0,0,109,1,1,1,0,0,0,23,5,1.085185,1.130707,0.948164,0,0,0,0
295,dernier_individu,29,12782,0,0,29,1,1,1,0,0,0,78,4,0.994142,0.979611,1.009290,0,0,1,0
296,limite_jours,200,85320,-1,-1,0,9,12,7,0,0,5,54,7,0.000000,0.000000,0.000000,-1,-1,-1,-1
297,limite_jours,200,85708,-1,-1,0,5,20,4,0,16,0,56,6,0.000000,0.000000,0.000000,-1,-1,-1,-1
298,dernier_individu,81,32607,0,0,81,1,1,1,0,0,0,69,0,1.086127,0.969119,0.901032,0,0,1,2
299,dernier_individu,65,25387,3,3,64,8,1,0,0,0,1,40,12,1.053966,1.026317,0.919162,3,3,0,0
300,dernier_individu,152,60154,2,2,152,4,1,0,0,1,0,21,1,0.900310,1.103574,1.025801,2,2,1,3
301,dernier_individu,81,30762,3,3,47,8,1,0,0,0,1,50,3,1.001887,0.967468,0.971081,3,3,1,1
302,limite_jours,200,75266,-1,1,38,2,3,0,3,0,0,58,1,0.000000,0.000000,0.000000,-1,-1,-1,-1
303,dernier_individu,45,17504,2,2,45,4,1,0,0,1,0,25,2,0.968502,0.991745,0.952544,2,2,0,0
304,dernier_individu,133,55999,1,1,11,2,1,0,1,0,0,47,0,0.942657,0.922927,1.062634,1,1,0,2
305,limite_jours,200,84114,-1,1,18,2,19,0,19,0,0,44,0,0.000000,0.000000,0.000000,-1,-1,-1,-1
306,dernier_individu,17,7160,0,0,17,1,1,1,0,0,0,37,1,1.033010,0.940056,1.047529,1,0,0,1
307,limite_jours,200,87494,-1,1,20,2,16,0,16,0,0,68,2,0.000000,0.000000,0.000000,-1,-1,-1,-1
308,dernier_individu,52,19444,1,1,19,2,1,0,1,0,0,81,1,0.992917,1.117400,0.919484,1,1,1,0
309,limite_jours,200,92659,-1,-1,0,13,24,18,0,5,1,42,4,0.000000,0.000000,0.000000,-1,-1,-1,-1
310,dernier_individu,145,54476,3,3,71,8,1,0,0,0,1,62,13,1.020575,1.002381,1.000499,3,3,0,2
311,limite_jours,200,78963,-1,1,20,2,16,0,16,0,0,47,0,0.000000,0.000000,0.000000,-1,-1,-1,-1
312,limite_jours,200,93953,-1,-1,0,13,23,11,0,8,4,47,17,0.000000,0.000000,0.000000,-1,-1,-1,-1
313,dernier_individu,93,41196,2,2,92,4,1,0,0,1,0,50,5,0.955307,0.867044,0.900340,2,2,1,3
314,dernier_individu,65,27364,1,1,25,2,1,0,1,0,0,45,2,1.050704,0.990896,1.019556,1,1,0,3
315,dernier_individu,118,50148,1,1,13,2,1,0,1,0,0,48,1,0.993730,1.008093,0.956443,1,1,0,3
316,dernier_individu,39,16613,0,0,39,1,1,1,0,0,0,50,17,0.967925,0.917234,1.040615,0,0,0,2
317,dernier_individu,41,16358,1,1,34,2,1,0,1,0,0,52,4,0.978853,0.955612,0.949970,1,1,1,3
318,limite_jours,200,92064,-1,-1,0,13,31,16,0,6,9,25,2,0.000000,0.000000,0.000000,-1,-1,-1,-1
319,dernier_individu,143,55560,3,3,143,8,1,0,0,0,1,44,5,0.947024,1.013647,0.984048,3,3,0,1
320,dernier_individu,132,53866,0,0,132,1,1,1,0,0,0,67,0,0.949343,1.011211,0.991995,0,0,0,0
321,dernier_individu,42,16175,0,0,35,1,1,1,0,0,0,36,0,0.943680,0.969054,1.074116,0,0,1,0
322,dernier_individu,37,13971,1,1,11,2,1,0,1,0,0,56,4,0.986230,1.038350,1.108743,1,1,1,1
323,dernier_individu,76,32963,1,1,9,2,1,0,1,0,0,59,0,0.856139,0.986797,0.969172,1,1,0,1
324,limite_jours,200,80210,-1,1,15,2,16,0,16,0,0,62,0,0.000000,0.000000,0.000000,-1,-1,-1,-1
325,dernier_individu,29,12367,0,0,25,1,1,1,0,0,0,44,6,0.926949,0.970584,1.007731,3,0,1,3
326,limite_jours,200,72595,-1,1,17,2,11,0,11,0,0,66,0,0.000000,0.000000,0.000000,-1,-1,-1,-1
327,dernier_individu,149,60582,0,0,104,1,1,1,0,0,0,29,6,1.062855,0.926623,0.877478,0,0,1,0
328,dernier_individu,166,69087,1,1,14,2,1,0,1,0,0,50,0,1.003454,1.012847,1.023817,1,1,0,1
329,dernier_individu,40,15523,1,1,20,2,1,0,1,0,0,50,0,1.010009,0.978911,1.000932,1,1,1,0
330,dernier_individu,47,17727,0,0,47,1,1,1,0,0,0,56,3,1.058779,1.031858,1.060105,0,0,1,0
331,dernier_individu,47,18252,1,1,10,2,1,0,1,0,0,66,1,1.088165,0.937747,0.993952,1,1,1,3
332,limite_jours,200,76846,-1,-1,0,9,9,4,0,0,5,55,15,0.000000,0.000000,0.000000,-1,-1,-1,-1
333,limite_jours,200,88352,-1,2,157,4,3,0,0,3,0,36,6,0.000000,0.000000,0.000000,-1,-1,-1,-1
334,limite_jours,200,81175,-1,1,28,2,17,0,17,0,0,58,0,0.000000,0.000000,0.000000,-1,-1,-1,-1
335,dernier_individu,145,55274,0,0,70,1,1,1,0,0,0,44,0,1.037717,0.966620,1.012304,0,0,0,3
336,dernier_individu,44,17364,1,1,15,2,1,0,1,0,0,49,4,0.971463,0.955286,0.988769,1,1,0,1
337,dernier_individu,34,13229,1,1,34,2,1,0,1,0,0,49,8,1.125675,0.879026,1.010827,1,1,0,3
338,limite_jours,200,89568,-1,1,28,2,17,0,17,0,0,54,2,0.000000,0.000000,0.000000,-1,-1,-1,-1
339,limite_jours,200,70214,-1,1,10,2,8,0,8,0,0,71,1,0.000000,0.000000,0.000000,-1,-1,-1,-1
340,limite_jours,200,82955,-1,1,14,2,17,0,17,0,0,47,1,0.000000,0.000000,0.000000,-1,-1,-1,-1
341,limite_jours,200,90315,-1,2,104,4,4,0,0,4,0,38,3,0.000000,0.000000,0.000000,-1,-1,-1,-1
342,limite_jours,200,83949,-1,-1,0,12,11,0,0,8,3,35,3,0.000000,0.000000,0.000000,-1,-1,-1,-1
343,dernier_individu,124,52884,3,3,96,8,1,0,0,0,1,52,0,0.971579,0.976125,0.970147,1,3,0,1
344,dernier_individu,21,8404,3,3,21,8,1,0,0,0,1,51,0,0.941070,0.914744,1.078589,3,3,0,1
345,dernier_individu,164,56948,3,3,157,8,1,0,0,0,1,40,1,1.032636,1.107782,0.901646,3,3,1,0
346,dernier_individu,79,30645,1,1,7,2,1,0,1,0,0,54,0,0.922083,1.036797,0.981908,1,1,0,1
347,dernier_individu,67,24733,1,1,22,2,1,0,1,0,0,39,0,1.078369,1.028373,1.000014,1,1,0,3
348,limite_jours,200,94134,-1,1,24,2,17,0,17,0,0,46,1,0.000000,0.000000,0.000000,-1,-1,-1,-1
349,limite_jours,200,81497,-1,-1,0,9,2,1,0,0,1,26,1,0.000000,0.000000,0.000000,-1,-1,-1,-1
350,dernier_individu,165,64749,1,1,20,2,1,0,1,0,0,47,0,1.061942,1.063728,0.930966,1,1,1,2
351,dernier_individu,81,31460,0,0,75,1,1,1,0,0,0,36,5,1.026596,0.896309,1.061260,0,0,1,3
352,dernier_individu,23,9816,1,1,13,2,1,0,1,0,0,45,1,1.184279,0.992307,1.002726,1,1,1,2
353,dernier_individu,70,26751,1,1,23,2,1,0,1,0,0,47,0,0.883787,0.970163,1.093900,1,1,0,0
354,limite_jours,200,95537,-1,-1,0,12,31,0,0,16,15,52,11,0.000000,0.000000,0.000000,-1,-1,-1,-1
355,dernier_individu,26,10557,3,3,25,8,1,0,0,0,1,17,5,0.997006,1.007473,1.045616,3,3,1,0
356,limite_jours,200,82680,-1,2,23,4,11,0,0,11,0,50,4,0.000000,0.000000,0.000000,-1,-1,-1,-1
357,dernier_individu,32,12271,3,3,32,8,1,0,0,0,1,52,11,1.005637,0.957042,1.080935,3,3,0,2
358,dernier_individu,53,19993,1,1,25,2,1,0,1,0,0,74,1,1.007626,1.011765,0.974801,1,0,0,3
359,dernier_individu,68,25513,1,1,23,2,1,0,1,0,0,62,2,1.079847,1.050207,1.056765,1,1,1,0
360,dernier_individu,68,28461,1,1,34,2,1,0,1,0,0,74,0,0.952397,0.974727,0.951278,1,1,0,1
361,dernier_individu,125,45897,0,0,125,1,1,1,0,0,0,49,3,0.988054,0.977209,0.918369,0,0,1,2
362,dernier_individu,52,19829,1,1,17,2,1,0,1,0,0,38,2,0.986833,0.952196,1.003896,1,2,0,1
363,limite_jours,200,84696,-1,1,15,2,19,0,19,0,0,56,0,0.000000,0.000000,0.000000,-1,-1,-1,-1
364,dernier_individu,21,7872,1,1,16,2,1,0,1,0,0,42,7,1.079233,0.968936,0.900559,1,1,1,1
365,limite_jours,200,84893,-1,0,109,1,14,14,0,0,0,31,4,0.000000,0.000000,0.000000,-1,-1,-1,-1
366,dernier_individu,167,66659,2,2,37,4,1,0,0,1,0,43,2,0.994204,0.926797,1.038169,2,2,0,0
367,dernier_individu,90,34659,3,3,83,8,1,0,0,0,1,36,3,1.033252,0.926009,1.102337,0,3,0,0
368,dernier_individu,111,47462,3,3,102,8,1,0,0,0,1,60,20,0.998071,0.980963,1.054336,3,3,0,1
369,dernier_individu,89,33072,0,0,81,1,1,1,0,0,0,68,7,1.069297,1.024830,0.942897,0,0,1,1
370,dernier_individu,22,8758,2,2,22,4,1,0,0,1,0,39,4,0.884711,0.996277,0.971617,2,2,0,2
371,limite_jours,200,74851,-1,1,12,2,2,0,2,0,0,51,1,0.000000,0.000000,0.000000,-1,-1,-1,-1
372,dernier_individu,93,38034,1,1,13,2,1,0,1,0,0,49,0,1.077458,1.006542,0.977978,1,1,0,3
373,dernier_individu,137,51764,1,1,36,2,1,0,1,0,0,60,0,0.999589,1.010908,1.065325,1,1,1,1
374,limite_jours,200,82412,-1,1,25,2,12,0,12,0,0,56,1,0.000000,0.000000,0.000000,-1,-1,-1,-1
375,dernier_individu,71,29195,1,1,12,2,1,0,1,0,0,48,0,1.009699,1.003451,0.997664,1,1,1,0
376,limite_jours,200,86603,-1,0,55,1,22,22,0,0,0,45,12,0.000000,0.000000,0.000000,-1,-1,-1,-1
377,dernier_individu,197,74192,0,0,39,1,1,1,0,0,0,37,5,1.030759,0.998862,1.024640,0,0,1,0
378,limite_jours,200,96888,-1,3,69,8,13,0,0,0,13,67,2,0.000000,0.000000,0.000000,-1,-1,-1,-1
379,dernier_individu,165,66533,0,0,104,1,1,1,0,0,0,27,3,0.968749,1.031762,0.928155,0,0,0,1
380,limite_jours,200,86009,-1,1,9,2,4,0,4,0,0,50,0,0.000000,0.000000,0.000000,-1,-1,-1,-1
381,dernier_individu,93,39636,1,1,29,2,1,0,1,0,0,74,0,1.007679,0.970956,0.974362,1,1,0,0
382,limite_jours,200,82042,-1,2,139,4,3,0,0,3,0,52,4,0.000000,0.000000,0.000000,-1,-1,-1,-1
383,limite_jours,200,90030,-1,1,11,2,12,0,12,0,0,38,3,0.000000,0.000000,0.000000,-1,-1,-1,-1
384,limite_jours,200,83102,-1,-1,0,9,7,4,0,0,3,39,1,0.000000,0.000000,0.000000,-1,-1,-1,-1
385,dernier_individu,164,60539,2,2,41,4,1,0,0,1,0,64,0,1.016510,0.973246,1.066243,2,2,0,0
386,dernier_individu,44,19812,1,1,44,2,1,0,1,0,0,50,0,1.005534,0.917898,0.996441,1,1,0,0
387,dernier_individu,52,21991,1,1,36,2,1,0,1,0,0,64,3,0.975351,0.955931,1.020048,1,1,0,1
388,limite_jours,200,75280,-1,-1,0,12,20,0,0,12,8,62,5,0.000000,0.000000,0.000000,-1,-1,-1,-1
389,limite_jours,200,82544,-1,1,18,2,12,0,12,0,0,52,0,0.000000,0.000000,0.000000,-1,-1,-1,-1
390,limite_jours,200,87155,-1,-1,0,5,5,4,0,1,0,73,8,0.000000,0.000000,0.000000,-1,-1,-1,-1
391,limite_jours,200,83344,-1,1,14,2,17,0,17,0,0,49,0,0.000000,0.000000,0.000000,-1,-1,-1,-1
392,limite_jours,200,78754,-1,1,19,2,10,0,10,0,0,60,1,0.000000,0.000000,0.000000,-1,-1,-1,-1
393,limite_jours,200,91224,-1,-1,0,5,24,14,0,10,0,32,6,0.000000,0.000000,0.000000,-1,-1,-1,-1
394,dernier_individu,54,20571,2,2,54,4,1,0,0,1,0,80,8,1.028869,0.976444,0.962579,2,2,0,0
395,dernier_individu,186,76055,2,2,108,4,1,0,0,1,0,43,3,1.018542,0.919996,0.994557,2,2,1,2
396,dernier_individu,82,32085,0,0,35,1,1,1,0,0,0,40,1,0.982195,1.051004,1.071054,0,0,0,2
397,dernier_individu,73,29154,1,1,25,2,1,0,1,0,0,44,0,0.965390,0.971739,0.961776,1,1,1,1
398,dernier_individu,31,12962,0,0,31,1,1,1,0,0,0,49,0,0.925024,0.928006,1.020388,0,0,0,0
399,limite_jours,200,80364,-1,-1,0,5,3,2,0,1,0,49,9,0.000000,0.000000,0.000000,-1,-1,-1,-1
400,dernier_individu,151,58392,1,1,16,2,1,0,1,0,0,53,0,0.905985,1.093168,0.947318,1,1,0,2
401,limite_jours,200,99499,-1,0,48,1,26,26,0,0,0,52,5,0.000000,0.000000,0.000000,-1,-1,-1,-1
402,dernier_individu,74,27328,1,1,13,2,1,0,1,0,0,55,0,1.003070,0.987824,1.058098,1,1,1,1
403,dernier_individu,37,15497,0,0,37,1,1,1,0,0,0,55,12,0.999120,0.957813,0.998986,0,0,0,2
404,dernier_individu,33,13665,3,3,33,8,1,0,0,0,1,46,4,0.997693,1.003345,0.951575,3,1,0,3
405,dernier_individu,31,12186,1,1,16,2,1,0,1,0,0,72,1,0.956284,1.047530,1.082470,1,1,1,1
406,limite_jours,200,86347,-1,1,101,2,18,0,18,0,0,80,0,0.000000,0.000000,0.000000,-1,-1,-1,-1
407,dernier_individu,149,56378,1,1,8,2,1,0,1,0,0,54,1,1.011290,1.030286,1.077774,1,1,0,1
408,dernier_individu,22,9090,1,1,22,2,1,0,1,0,0,40,3,1.036255,0.959140,0.967887,0,1,0,3
409,dernier_individu,176,74455,1,1,71,2,1,0,1,0,0,76,1,1.050724,1.005200,0.947199,1,1,0,1
410,dernier_individu,47,17977,1,1,47,2,1,0,1,0,0,74,4,1.008175,1.027832,1.051660,1,1,0,0
411,limite_jours,200,91072,-1,1,17,2,13,0,13,0,0,56,0,0.000000,0.000000,0.000000,-1,-1,-1,-1
412,limite_jours,200,76532,-1,1,13,2,17,0,17,0,0,39,0,0.000000,0.000000,0.000000,-1,-1,-1,-1
413,dernier_individu,52,19730,0,0,52,1,1,1,0,0,0,52,1,1.050544,0.968742,1.072426,0,0,1,0
414,dernier_individu,45,17239,1,1,40,2,1,0,1,0,0,68,3,1.015390,1.034493,1.041090,1,1,0,3
415,dernier_individu,35,14228,3,3,35,8,1,0,0,0,1,62,0,1.049715,1.017362,1.059813,3,1,0,1
416,dernier_individu,184,74824,1,1,16,2,1,0,1,0,0,78,0,1.021564,1.044931,1.006829,1,1,1,1
417,dernier_individu,48,19130,1,1,36,2,1,0,1,0,0,60,7,1.005993,1.026077,1.049472,1,1,1,1
418,dernier_individu,38,16100,0,0,27,1,1,1,0,0,0,55,2,0.903475,0.949461,1.033900,3,0,0,1
419,limite_jours,200,79572,-1,2,197,4,5,0,0,5,0,27,2,0.000000,0.000000,0.000000,-1,-1,-1,-1
420,dernier_individu,181,79935,2,2,151,4,1,0,0,1,0,32,3,0.956160,0.955056,1.081206,2,2,0,1
421,limite_jours,200,77984,-1,1,19,2,17,0,17,0,0,44,1,0.000000,0.000000,0.000000,-1,-1,-1,-1
422,dernier_individu,163,70963,1,1,41,2,1,0,1,0,0,67,0,0.943500,0.952197,0.970284,1,1,1,1
423,dernier_individu,56,20122,1,1,30,2,1,0,1,0,0,52,0,0.945194,1.007384,0.974705,1,1,1,1
424,limite_jours,200,73262,-1,1,25,2,8,0,8,0,0,78,2,0.000000,0.000000,0.000000,-1,-1,-1,-1
425,dernier_individu,37,14678,0,0,37,1,1,1,0,0,0,37,0,1.047550,0.878119,1.004785,0,0,1,0
426,limite_jours,200,90072,-1,1,16,2,23,0,23,0,0,89,4,0.000000,0.000000,0.000000,-1,-1,-1,-1
427,dernier_individu,72,27956,1,1,20,2,1,0,1,0,0,61,1,0.878345,1.036395,1.001308,3,1,0,3
428,dernier_individu,29,11756,1,1,22,2,1,0,1,0,0,67,0,0.987285,0.969098,0.930757,1,0,0,2
429,dernier_individu,19,7984,0,0,19,1,1,1,0,0,0,46,3,0.910806,0.993473,1.018527,0,0,1,3
430,limite_jours,200,81980,-1,1,14,2,13,0,13,0,0,58,2,0.000000,0.000000,0.000000,-1,-1,-1,-1
431,dernier_individu,35,13451,1,1,16,2,1,0,1,0,0,54,0,0.921015,1.029367,1.028997,1,1,0,1
432,dernier_individu,39,15954,1,1,14,2,1,0,1,0,0,36,0,1.051108,1.012470,1.047152,1,0,0,3
433,dernier_individu,50,19611,1,1,30,2,1,0,1,0,0,86,2,1.029785,1.027879,1.111065,1,1,0,3
434,limite_jours,200,88797,-1,1,12,2,13,0,13,0,0,58,0,0.000000,0.000000,0.000000,-1,-1,-1,-1
435,dernier_individu,101,31593,0,0,21,1,1,1,0,0,0,50,3,1.050783,1.134964,1.056559,0,0,0,2
436,dernier_individu,81,34655,1,1,31,2,1,0,1,0,0,60,0,0.847015,0.950130,1.000346,1,1,0,3
437,dernier_individu,44,17837,0,0,44,1,1,1,0,0,0,58,6,0.988376,0.904251,1.014154,0,0,1,0
438,dernier_individu,44,16868,1,1,28,2,1,0,1,0,0,63,5,1.006287,1.085381,0.973506,1,1,0,0
439,dernier_individu,65,25852,1,1,13,2,1,0,1,0,0,51,0,0.931739,0.996834,0.998597,1,1,1,3
440,dernier_individu,195,81980,1,1,16,2,1,0,1,0,0,67,3,0.973433,0.985689,1.038258,1,1,1,0
441,dernier_individu,55,20062,1,1,27,2,1,0,1,0,0,75,6,0.985906,1.013359,1.126551,1,1,1,0
442,dernier_individu,23,9611,1,1,23,2,1,0,1,0,0,50,3,1.043800,0.980703,1.028642,1,1,0,0
443,limite_jours,200,91251,-1,-1,0,5,18,12,0,6,0,42,7,0.000000,0.000000,0.000000,-1,-1,-1,-1
444,dernier_individu,158,58644,2,2,119,4,1,0,0,1,0,31,3,1.019642,0.958124,1.039480,2,2,1,2
445,limite_jours,200,92970,-1,-1,0,9,34,16,0,0,18,41,14,0.000000,0.000000,0.000000,-1,-1,-1,-1
446,dernier_individu,28,10752,3,3,28,8,1,0,0,0,1,37,3,1.019600,1.012894,0.969054,3,3,1,0
447,limite_jours,200,99585,-1,-1,0,9,34,16,0,0,18,37,6,0.000000,0.000000,0.000000,-1,-1,-1,-1
448,dernier_individu,111,46940,1,1,39,2,1,0,1,0,0,48,0,1.054299,0.929661,0.997236,1,1,0,1
449,dernier_individu,44,18117,0,0,44,1,1,1,0,0,0,71,0,0.970948,1.108372,0.956431,0,0,0,0
450,limite_jours,200,91478,-1,1,10,2,15,0,15,0,0,55,0,0.000000,0.000000,0.000000,-1,-1,-1,-1
451,dernier_individu,78,29828,2,2,78,4,1,0,0,1,0,48,4,1.047910,1.057544,0.998449,2,2,0,0
452,dernier_individu,79,35374,2,2,79,4,1,0,0,1,0,38,8,0.964629,0.875525,1.009434,2,2,1,0
453,dernier_individu,98,37839,3,3,98,8,1,0,0,0,1,42,5,1.046546,1.090745,0.942480,2,3,1,3
454,limite_jours,200,80049,-1,1,21,2,14,0,14,0,0,56,0,0.000000,0.000000,0.000000,-1,-1,-1,-1
455,dernier_individu,182,79378,1,1,59,2,1,0,1,0,0,56,1,1.127614,0.878413,1.023445,1,0,1,3
456,dernier_individu,57,22871,0,0,57,1,1,1,0,0,0,66,0,0.912164,0.985532,0.938017,0,0,1,1
457,dernier_individu,94,33073,0,0,94,1,1,1,0,0,0,61,9,1.056941,1.063286,1.070648,0,0,0,0
458,dernier_individu,39,16180,1,1,17,2,1,0,1,0,0,41,0,1.054361,0.939573,0.893081,1,1,0,3
459,dernier_individu,103,39005,3,3,91,8,1,0,0,0,1,79,15,1.065877,1.051952,0.932426,3,2,1,3
460,dernier_individu,43,16204,1,1,19,2,1,0,1,0,0,44,0,1.016290,0.987030,0.895764,1,1,1,1
461,dernier_individu,78,32958,3,3,77,8,1,0,0,0,1,34,7,1.027531,0.865853,0.989318,3,3,0,0
462,dernier_individu,183,66701,0,0,183,1,1,1,0,0,0,43,1,1.005136,1.080310,0.984781,0,0,1,1
463,dernier_individu,86,32995,1,1,12,2,1,0,1,0,0,44,0,1.019632,0.997436,0.962788,1,1,1,2
464,limite_jours,200,81414,-1,1,15,2,19,0,19,0,0,68,1,0.000000,0.000000,0.000000,-1,-1,-1,-1
465,dernier_individu,17,6749,1,1,13,2,1,0,1,0,0,44,1,1.043733,0.988317,1.069765,1,1,0,1
466,limite_jours,200,90040,-1,-1,0,5,9,8,0,1,0,54,7,0.000000,0.000000,0.000000,-1,-1,-1,-1
467,dernier_individu,79,31814,0,0,79,1,1,1,0,0,0,83,11,1.002330,0.927452,0.940652,0,0,0,3
468,dernier_individu,122,47056,3,3,122,8,1,0,0,0,1,23,7,0.954284,0.949228,1.006688,3,3,1,0
469,dernier_individu,34,13288,0,0,30,1,1,1,0,0,0,55,3,1.007409,0.970886,0.995928,0,0,1,1
470,dernier_individu,43,18725,3,3,43,8,1,0,0,0,1,63,10,1.046013,0.942981,1.070672,3,3,1,0
471,dernier_individu,123,46138,1,1,11,2,1,0,1,0,0,52,0,1.041226,0.913824,1.068107,1,1,0,1
472,limite_jours,200,81915,-1,1,25,2,12,0,12,0,0,46,0,0.000000,0.000000,0.000000,-1,-1,-1,-1
473,dernier_individu,123,45096,3,3,118,8,1,0,0,0,1,60,11,1.035746,1.040763,0.928024,3,3,0,1
474,dernier_individu,80,30534,1,1,18,2,1,0,1,0,0,47,0,0.925030,1.042237,0.963850,1,1,0,1
475,limite_jours,200,94258,-1,1,18,2,16,0,16,0,0,37,0,0.000000,0.000000,0.000000,-1,-1,-1,-1
476,dernier_individu,172,73093,0,0,172,1,1,1,0,0,0,32,3,0.985526,0.985772,1.067698,3,0,0,1
477,limite_jours,200,73562,-1,1,8,2,16,0,16,0,0,27,0,0.000000,0.000000,0.000000,-1,-1,-1,-1
478,limite_jours,200,83774,-1,-1,0,5,12,11,0,1,0,36,5,0.000000,0.000000,0.000000,-1,-1,-1,-1
479,dernier_individu,94,30075,0,0,19,1,1,1,0,0,0,44,3,1.048308,1.115107,1.005034,0,0,0,0
480,limite_jours,200,99840,-1,1,17,2,17,0,17,0,0,58,0,0.000000,0.000000,0.000000,-1,-1,-1,-1
481,dernier_individu,63,25678,1,1,12,2,1,0,1,0,0,56,2,0.936260,0.975013,1.023903,1,1,0,1
482,dernier_individu,111,43660,1,1,16,2,1,0,1,0,0,52,0,1.069600,0.914581,0.963240,1,1,0,2
483,dernier_individu,18,7467,1,1,18,2,1,0,1,0,0,48,5,0.999320,1.060103,0.994461,1,1,0,3
484,dernier_individu,82,31232,2,2,82,4,1,0,0,1,0,46,13,1.073671,1.014996,0.952596,2,2,1,0
485,limite_jours,200,85752,-1,1,23,2,15,0,15,0,0,59,0,0.000000,0.000000,0.000000,-1,-1,-1,-1
486,limite_jours,200,85112,-1,0,75,1,17,17,0,0,0,44,7,0.000000,0.000000,0.000000,-1,-1,-1,-1
487,limite_jours,200,79917,-1,0,146,1,4,4,0,0,0,31,2,0.000000,0.000000,0.000000,-1,-1,-1,-1
488,dernier_individu,31,12920,2,2,31,4,1,0,0,1,0,64,10,1.031063,1.005092,0.864668,2,2,1,1
489,limite_jours,200,89709,-1,1,17,2,14,0,14,0,0,59,0,0.000000,0.000000,0.000000,-1,-1,-1,-1
490,limite_jours,200,77759,-1,1,12,2,17,0,17,0,0,44,0,0.000000,0.000000,0.000000,-1,-1,-1,-1
491,dernier_individu,96,35688,1,1,31,2,1,0,1,0,0,44,1,1.051493,0.937337,0.975423,1,1,1,0
492,dernier_individu,32,12445,1,1,32,2,1,0,1,0,0,39,0,1.047329,0.924367,0.992618,1,1,1,0
493,limite_jours,200,83674,-1,1,12,2,17,0,17,0,0,39,0,0.000000,0.000000,0.000000,-1,-1,-1,-1
494,dernier_individu,48,20537,1,1,17,2,1,0,1,0,0,55,4,1.047525,0.875275,1.014734,1,1,0,3
495,dernier_individu,127,49146,3,3,127,8,1,0,0,0,1,36,5,0.920055,0.991219,1.023160,2,3,0,0
496,limite_jours,200,75589,-1,1,19,2,11,0,11,0,0,53,3,0.000000,0.000000,0.000000,-1,-1,-1,-1
497,dernier_individu,31,12776,0,0,31,1,1,1,0,0,0,48,1,1.017466,0.921734,1.063668,0,0,0,0
498,limite_jours,200,80957,-1,-1,0,9,4,3,0,0,1,30,5,0.000000,0.000000,0.000000,-1,-1,-1,-1
499,dernier_individu,160,62598,1,1,11,2,1,0,1,0,0,33,0,1.027848,0.885937,1.031463,1,1,1,2
500,limite_jours,200,81371,-1,1,19,2,22,0,22,0,0,65,1,0.000000,0.000000,0.000000,-1,-1,-1,-1
501,dernier_individu,171,68796,0,0,41,1,1,1,0,0,0,21,0,1.091032,0.901196,1.019192,0,0,1,2
502,limite_jours,200,82170,-1,1,19,2,18,0,18,0,0,65,4,0.000000,0.000000,0.000000,-1,-1,-1,-1
503,dernier_individu,177,79909,1,1,49,2,1,0,1,0,0,47,1,0.994459,0.842348,1.096575,1,1,1,2
504,dernier_individu,76,28435,0,0,22,1,1,1,0,0,0,38,0,0.972279,1.046792,1.101438,0,0,0,0
505,limite_jours,200,88200,-1,1,11,2,17,0,17,0,0,54,0,0.000000,0.000000,0.000000,-1,-1,-1,-1
506,dernier_individu,23,9395,3,3,23,8,1,0,0,0,1,47,3,0.996337,0.914064,0.994114,3,3,0,0
507,dernier_individu,46,19161,1,1,20,2,1,0,1,0,0,57,0,0.976949,0.958705,0.919948,1,1,0,1
508,limite_jours,200,79843,-1,1,60,2,8,0,8,0,0,56,0,0.000000,0.000000,0.000000,-1,-1,-1,-1
509,dernier_individu,139,47202,3,3,26,8,1,0,0,0,1,44,0,1.016697,1.014952,0.958148,3,3,0,1
510,limite_jours,200,78424,-1,1,18,2,5,0,5,0,0,51,0,0.000000,0.000000,0.000000,-1,-1,-1,-1
511,limite_jours,200,90234,-1,1,13,2,16,0,16,0,0,46,0,0.000000,0.000000,0.000000,-1,-1,-1,-1
512,dernier_individu,55,20920,0,0,55,1,1,1,0,0,0,48,8,0.978781,0.998344,1.118597,0,0,0,0
513,limite_jours,200,80293,-1,1,25,2,22,0,22,0,0,53,0,0.000000,0.000000,0.000000,-1,-1,-1,-1
514,dernier_individu,48,19819,3,3,44,8,1,0,0,0,1,41,7,0.965458,0.973551,0.925012,3,3,0,0
515,limite_jours,200,91003,-1,0,45,1,7,7,0,0,0,21,2,0.000000,0.000000,0.000000,-1,-1,-1,-1
516,limite_jours,200,82938,-1,3,162,8,2,0,0,0,2,59,17,0.000000,0.000000,0.000000,-1,-1,-1,-1
517,limite_jours,200,84230,-1,-1,0,13,10,2,0,5,3,21,1,0.000000,0.000000,0.000000,-1,-1,-1,-1
518,dernier_individu,67,26651,0,0,67,1,1,1,0,0,0,34,5,1.068483,0.886377,1.012473,0,0,1,1
519,dernier_individu,121,46482,2,2,81,4,1,0,0,1,0,61,10,1.058354,0.985631,1.123683,1,2,0,2
520,dernier_individu,46,18237,1,1,22,2,1,0,1,0,0,55,3,1.048570,0.938291,0.985427,1,1,1,2
521,dernier_individu,54,23000,1,1,28,2,1,0,1,0,0,64,0,1.023950,0.992020,1.002096,1,1,0,0
522,limite_jours,200,76355,-1,-1,0,9,2,1,0,0,1,57,14,0.000000,0.000000,0.000000,-1,-1,-1,-1
523,limite_jours,200,78268,-1,-1,0,5,4,3,0,1,0,48,7,0.000000,0.000000,0.000000,-1,-1,-1,-1
524,limite_jours,200,79915,-1,1,26,2,7,0,7,0,0,69,0,0.000000,0.000000,0.000000,-1,-1,-1,-1
525,dernier_individu,140,59480,1,1,26,2,1,0,1,0,0,49,1,0.961906,1.011271,0.938237,1,1,0,1
526,dernier_individu,96,41424,1,1,23,2,1,0,1,0,0,63,1,1.003725,0.915583,0.972670,1,1,1,0
527,dernier_individu,28,11487,0,0,28,1,1,1,0,0,0,58,5,0.921995,0.928590,1.083056,0,0,0,3
528,dernier_individu,62,25626,1,1,38,2,1,0,1,0,0,57,1,0.923730,1.034816,1.116390,1,1,1,2
529,limite_jours,200,89253,-1,1,10,2,14,0,14,0,0,45,3,0.000000,0.000000,0.000000,-1,-1,-1,-1
530,dernier_individu,55,20772,1,1,15,2,1,0,1,0,0,40,0,0.953579,0.992230,1.067231,1,3,1,2
531,limite_jours,200,81005,-1,1,25,2,8,0,8,0,0,47,1,0.000000,0.000000,0.000000,-1,-1,-1,-1
532,dernier_individu,64,25437,1,1,21,2,1,0,1,0,0,63,1,1.019568,0.957913,1.031411,1,1,0,1
533,dernier_individu,67,25423,1,1,25,2,1,0,1,0,0,67,4,1.013303,0.951817,1.029560,1,1,1,3
534,dernier_individu,26,11313,0,0,21,1,1,1,0,0,0,42,9,0.936285,1.012050,1.044813,0,0,0,1
535,dernier_individu,46,18202,1,1,22,2,1,0,1,0,0,67,0,0.990324,0.981788,1.049327,1,1,0,3
536,dernier_individu,78,29709,0,0,78,1,1,1,0,0,0,63,12,1.074119,0.998223,0.994627,3,0,1,1
537,limite_jours,200,87594,-1,1,16,2,9,0,9,0,0,54,1,0.000000,0.000000,0.000000,-1,-1,-1,-1
538,dernier_individu,22,9872,1,1,21,2,1,0,1,0,0,64,5,0.949522,0.939913,1.035651,1,1,1,1
539,dernier_individu,35,16621,1,1,29,2,1,0,1,0,0,65,0,1.029636,1.053820,1.001934,1,1,0,2
540,dernier_individu,141,59783,1,1,17,2,1,0,1,0,0,45,0,0.931576,0.977425,1.044748,1,1,0,2
541,dernier_individu,158,55258,3,3,158,8,1,0,0,0,1,58,19,1.050260,1.021809,1.054836,3,3,0,0
542,dernier_individu,36,14792,3,3,36,8,1,0,0,0,1,48,3,1.019674,0.890291,0.943815,3,3,0,2
543,dernier_individu,104,43431,2,2,104,4,1,0,0,1,0,47,2,0.896033,0.902475,1.151634,2,2,0,0
544,dernier_individu,110,44664,3,3,95,8,1,0,0,0,1,56,9,0.955731,1.064626,0.995723,3,3,1,0
545,dernier_individu,160,62702,3,3,35,8,1,0,0,0,1,41,1,1.088987,1.120897,1.010376,3,3,0,0
546,dernier_individu,148,49279,1,1,15,2,1,0,1,0,0,57,0,1.054871,1.044868,1.064661,1,1,1,2
547,dernier_individu,58,26328,0,0,58,1,1,1,0,0,0,65,4,1.049041,0.905044,0.995469,0,0,0,0
548,dernier_individu,54,21392,1,1,30,2,1,0,1,0,0,55,3,1.008099,1.096079,1.052095,1,1,1,1
549,limite_jours,200,86154,-1,1,15,2,17,0,17,0,0,32,0,0.000000,0.000000,0.000000,-1,-1,-1,-1
550,dernier_individu,34,12398,3,3,34,8,1,0,0,0,1,34,0,1.079716,0.994835,1.027845,3,3,0,1
551,dernier_individu,105,37782,3,3,105,8,1,0,0,0,1,77,0,1.023653,1.026920,0.969558,3,3,1,0
552,dernier_individu,141,52924,0,0,116,1,1,1,0,0,0,48,5,1.010096,0.998875,1.006994,2,0,1,0
553,limite_jours,200,88556,-1,1,10,2,18,0,18,0,0,54,1,0.000000,0.000000,0.000000,-1,-1,-1,-1
554,dernier_individu,31,11997,0,0,31,1,1,1,0,0,0,49,0,1.019142,1.062034,1.013496,0,0,0,0
555,dernier_individu,127,49588,1,1,18,2,1,0,1,0,0,55,1,1.005965,0.978142,0.999879,1,1,0,3
556,limite_jours,200,85354,-1,1,10,2,14,0,14,0,0,58,2,0.000000,0.000000,0.000000,-1,-1,-1,-1
557,dernier_individu,57,20107,3,3,57,8,1,0,0,0,1,58,3,1.013468,1.008153,0.968007,3,3,1,0
558,dernier_individu,44,19524,1,1,12,2,1,0,1,0,0,41,1,0.949106,0.909738,0.961642,1,1,1,1
559,limite_jours,200,84950,-1,3,137,8,7,0,0,0,7,47,2,0.000000,0.000000,0.000000,-1,-1,-1,-1
560,limite_jours,200,91261,-1,1,5,2,21,0,21,0,0,56,0,0.000000,0.000000,0.000000,-1,-1,-1,-1
561,dernier_individu,66,24632,3,3,30,8,1,0,0,0,1,46,1,1.053905,0.951743,0.964050,3,3,0,0
562,dernier_individu,175,75337,0,0,175,1,1,1,0,0,0,46,5,1.025164,0.889459,0.918551,0,0,1,2
563,dernier_individu,159,60166,2,2,32,4,1,0,0,1,0,50,1,1.049085,1.147294,1.062399,2,2,1,2
564,limite_jours,200,85166,-1,1,17,2,19,0,19,0,0,55,0,0.000000,0.000000,0.000000,-1,-1,-1,-1
565,dernier_individu,185,79530,1,1,15,2,1,0,1,0,0,50,0,0.975182,0.950209,0.911518,1,1,1,2
566,dernier_individu,68,25496,1,1,44,2,1,0,1,0,0,58,2,1.073999,0.979589,0.955569,1,1,1,0
567,limite_jours,200,80329,-1,1,10,2,18,0,18,0,0,38,0,0.000000,0.000000,0.000000,-1,-1,-1,-1
568,dernier_individu,146,55450,1,1,21,2,1,0,1,0,0,59,0,1.022084,1.060546,0.993327,1,1,0,0
569,limite_jours,200,78379,-1,1,20,2,4,0,4,0,0,66,1,0.000000,0.000000,0.000000,-1,-1,-1,-1
570,dernier_individu,38,15553,3,3,38,8,1,0,0,0,1,47,7,0.943744,0.928553,0.967648,3,3,1,0
571,dernier_individu,85,32104,1,1,76,2,1,0,1,0,0,49,0,0.993763,1.006603,1.021031,1,1,1,2
572,dernier_individu,72,26863,1,1,18,2,1,0,1,0,0,54,2,1.058602,1.056990,0.973453,1,1,1,0
573,dernier_individu,57,22298,1,1,46,2,1,0,1,0,0,36,1,1.038938,1.017995,0.943145,1,1,1,1
574,limite_jours,200,83901,-1,2,76,4,3,0,0,3,0,63,3,0.000000,0.000000,0.000000,-1,-1,-1,-1
575,limite_jours,200,74368,-1,1,12,2,17,0,17,0,0,67,0,0.000000,0.000000,0.000000,-1,-1,-1,-1
576,limite_jours,200,89876,-1,-1,0,5,11,1,0,10,0,56,6,0.000000,0.000000,0.000000,-1,-1,-1,-1
577,limite_jours,200,80983,-1,2,116,4,2,0,0,2,0,56,2,0.000000,0.000000,0.000000,-1,-1,-1,-1
578,limite_jours,200,85162,-1,1,36,2,10,0,10,0,0,56,0,0.000000,0.000000,0.000000,-1,-1,-1,-1
579,limite_jours,200,85299,-1,1,13,2,18,0,18,0,0,49,0,0.000000,0.000000,0.000000,-1,-1,-1,-1
580,limite_jours,200,74847,-1,1,26,2,15,0,15,0,0,70,0,0.000000,0.000000,0.000000,-1,-1,-1,-1
581,dernier_individu,76,28286,1,1,13,2,1,0,1,0,0,53,0,1.039675,0.950037,0.943124,1,1,0,0
582,dernier_individu,100,42876,0,0,100,1,1,1,0,0,0,35,1,0.913952,1.003445,1.007134,3,0,1,3
583,dernier_individu,187,75297,1,1,21,2,1,0,1,0,0,43,0,1.041165,1.073711,0.866615,1,1,1,3
584,dernier_individu,26,11267,0,0,26,1,1,1,0,0,0,40,0,0.988324,0.926256,0.989593,0,0,0,1
585,limite_jours,200,79295,-1,2,49,4,12,0,0,12,0,35,0,0.000000,0.000000,0.000000,-1,-1,-1,-1
586,dernier_individu,47,20295,1,1,38,2,1,0,1,0,0,55,0,0.946549,0.937408,0.930679,1,3,0,2
587,dernier_individu,39,16510,1,1,18,2,1,0,1,0,0,44,0,0.892600,1.043392,1.048563,1,1,0,3
588,dernier_individu,127,46940,1,1,32,2,1,0,1,0,0,77,4,1.018592,0.987548,0.991609,1,1,1,1
589,dernier_individu,38,13198,1,1,10,2,1,0,1,0,0,32,0,0.968690,1.101104,1.008058,1,1,1,1
590,dernier_individu,42,16607,0,0,42,1,1,1,0,0,0,54,11,0.975839,0.949980,1.048438,0,0,0,1
591,limite_jours,200,85934,-1,1,22,2,13,0,13,0,0,49,0,0.000000,0.000000,0.000000,-1,-1,-1,-1
592,limite_jours,200,79758,-1,-1,0,9,2,1,0,0,1,38,7,0.000000,0.000000,0.000000,-1,-1,-1,-1
593,limite_jours,200,89293,-1,1,9,2,15,0,15,0,0,47,0,0.000000,0.000000,0.000000,-1,-1,-1,-1
594,dernier_individu,73,24850,2,2,73,4,1,0,0,1,0,41,4,1.040241,1.047349,1.048537,2,2,1,0
595,limite_jours,200,86216,-1,1,12,2,19,0,19,0,0,35,0,0.000000,0.000000,0.000000,-1,-1,-1,-1
596,dernier_individu,62,23068,1,1,37,2,1,0,1,0,0,57,0,0.919271,1.019341,0.987527,1,1,0,1
597,limite_jours,200,85714,-1,1,11,2,16,0,16,0,0,54,0,0.000000,0.000000,0.000000,-1,-1,-1,-1
598,dernier_individu,63,25568,1,1,46,2,1,0,1,0,0,79,2,0.993773,0.990398,1.027945,1,1,1,2
599,dernier_individu,134,55923,3,3,129,8,1,0,0,0,1,41,6,0.975509,0.948662,0.972034,0,3,1,2
600,limite_jours,200,77222,-1,-1,0,12,4,0,0,3,1,33,5,0.000000,0.000000,0.000000,-1,-1,-1,-1
601,dernier_individu,152,64083,1,1,9,2,1,0,1,0,0,50,0,0.974039,0.955922,1.015316,1,1,1,0
602,limite_jours,200,76839,-1,-1,0,9,2,1,0,0,1,46,7,0.000000,0.000000,0.000000,-1,-1,-1,-1
603,dernier_individu,36,14308,3,3,36,8,1,0,0,0,1,70,7,0.886200,1.001621,1.002566,3,3,0,1
604,dernier_individu,28,10473,2,2,28,4,1,0,0,1,0,39,1,1.124668,1.022547,1.060947,2,2,0,1
605,dernier_individu,23,9081,1,1,23,2,1,0,1,0,0,43,0,1.117265,1.036419,1.017447,1,1,0,1
606,limite_jours,200,86289,-1,1,31,2,15,0,15,0,0,37,0,0.000000,0.000000,0.000000,-1,-1,-1,-1
607,dernier_individu,192,81329,3,3,33,8,1,0,0,0,1,38,1,1.049508,0.899750,0.982220,3,3,1,1
608,limite_jours,200,69119,-1,1,37,2,18,0,18,0,0,50,2,0.000000,0.000000,0.000000,-1,-1,-1,-1
609,dernier_individu,25,10381,1,1,25,2,1,0,1,0,0,63,0,1.030368,1.025105,1.073100,1,1,0,0
610,dernier_individu,53,22829,1,1,10,2,1,0,1,0,0,40,0,1.057165,0.928803,0.939212,1,1,1,2
611,limite_jours,200,85177,-1,1,11,2,19,0,19,0,0,45,0,0.000000,0.000000,0.000000,-1,-1,-1,-1
612,dernier_individu,140,54773,1,1,32,2,1,0,1,0,0,59,1,1.017722,0.971325,1.111729,1,1,0,3
613,dernier_individu,101,40903,0,0,101,1,1,1,0,0,0,48,1,0.963993,1.051659,0.939114,0,0,1,0
614,limite_jours,200,76015,-1,1,16,2,8,0,8,0,0,64,2,0.000000,0.000000,0.000000,-1,-1,-1,-1
615,limite_jours,200,97954,-1,1,10,2,8,0,8,0,0,61,2,0.000000,0.000000,0.000000,-1,-1,-1,-1
616,limite_jours,200,82203,-1,0,54,1,3,3,0,0,0,71,8,0.000000,0.000000,0.000000,-1,-1,-1,-1
617,limite_jours,200,79364,-1,-1,0,5,4,1,0,3,0,28,4,0.000000,0.000000,0.000000,-1,-1,-1,-1
618,dernier_individu,70,26623,2,2,70,4,1,0,0,1,0,48,5,1.021744,0.919355,1.087356,2,2,0,0
619,dernier_individu,36,14591,1,1,14,2,1,0,1,0,0,86,12,1.058781,1.003433,1.140079,1,1,1,3
620,dernier_individu,165,61800,2,2,157,4,1,0,0,1,0,28,4,1.038492,1.015974,0.994497,2,2,1,0
621,limite_jours,200,91523,-1,1,18,2,16,0,16,0,0,59,4,0.000000,0.000000,0.000000,-1,-1,-1,-1
622,limite_jours,200,85246,-1,1,42,2,19,0,19,0,0,52,0,0.000000,0.000000,0.000000,-1,-1,-1,-1
623,limite_jours,200,81648,-1,1,30,2,16,0,16,0,0,52,0,0.000000,0.000000,0.000000,-1,-1,-1,-1
624,limite_jours,200,87377,-1,-1,0,13,7,1,0,3,3,59,8,0.000000,0.000000,0.000000,-1,-1,-1,-1
625,dernier_individu,25,10702,2,2,20,4,1,0,0,1,0,37,0,0.983955,0.916597,1.001325,2,2,0,0
626,limite_jours,200,94403,-1,-1,0,13,18,1,0,16,1,45,10,0.000000,0.000000,0.000000,-1,-1,-1,-1
627,limite_jours,200,78087,-1,1,19,2,20,0,20,0,0,45,0,0.000000,0.000000,0.000000,-1,-1,-1,-1
628,limite_jours,200,81326,-1,1,9,2,12,0,12,0,0,65,0,0.000000,0.000000,0.000000,-1,-1,-1,-1
629,limite_jours,200,84482,-1,1,16,2,15,0,15,0,0,50,4,0.000000,0.000000,0.000000,-1,-1,-1,-1
630,dernier_individu,96,37549,1,1,18,2,1,0,1,0,0,49,0,1.063615,0.911442,1.051686,1,1,1,2
631,limite_jours,200,80053,-1,1,44,2,14,0,14,0,0,60,1,0.000000,0.000000,0.000000,-1,-1,-1,-1
632,limite_jours,200,91602,-1,-1,0,12,29,0,0,12,17,35,7,0.000000,0.000000,0.000000,-1,-1,-1,-1
633,dernier_individu,46,17221,1,1,25,2,1,0,1,0,0,54,0,1.096382,1.048471,1.009030,1,1,0,0
634,limite_jours,200,83908,-1,1,12,2,4,0,4,0,0,46,0,0.000000,0.000000,0.000000,-1,-1,-1,-1
635,dernier_individu,35,13474,1,1,12,2,1,0,1,0,0,39,3,1.107362,0.983409,0.954671,1,1,0,1
636,dernier_individu,49,17981,0,0,49,1,1,1,0,0,0,60,6,1.014081,1.025851,0.946196,0,0,0,0
637,limite_jours,200,91661,-1,1,18,2,14,0,14,0,0,38,0,0.000000,0.000000,0.000000,-1,-1,-1,-1
638,dernier_individu,30,11784,3,3,30,8,1,0,0,0,1,51,0,1.068616,0.978554,1.006251,3,3,1,1
639,dernier_individu,92,35672,1,1,39,2,1,0,1,0,0,68,0,0.944179,1.010027,0.971094,1,1,0,1
640,dernier_individu,29,12120,3,3,29,8,1,0,0,0,1,60,10,0.955888,1.035465,0.955507,3,3,1,2
641,limite_jours,200,88005,-1,-1,0,12,27,0,0,10,17,47,2,0.000000,0.000000,0.000000,-1,-1,-1,-1
642,limite_jours,200,90535,-1,-1,0,12,17,0,0,16,1,35,6,0.000000,0.000000,0.000000,-1,-1,-1,-1
643,dernier_individu,131,55709,1,1,11,2,1,0,1,0,0,44,0,1.037054,0.948172,0.990418,1,1,0,0
644,dernier_individu,86,31288,1,1,44,2,1,0,1,0,0,65,0,1.014209,1.003733,0.938571,1,1,1,0
645,dernier_individu,101,39533,0,0,37,1,1,1,0,0,0,45,0,0.977876,0.932991,1.089060,0,0,0,1
646,dernier_individu,33,12124,1,1,33,2,1,0,1,0,0,43,0,1.032800,1.017026,0.907672,1,1,0,0
647,limite_jours,200,85894,-1,1,13,2,21,0,21,0,0,49,0,0.000000,0.000000,0.000000,-1,-1,-1,-1
648,dernier_individu,69,24509,2,2,69,4,1,0,0,1,0,51,0,1.000234,0.967288,1.064350,2,2,0,1
649,dernier_individu,25,9881,1,1,15,2,1,0,1,0,0,50,0,1.098133,1.052903,1.018139,1,1,0,0
650,dernier_individu,89,32691,2,2,89,4,1,0,0,1,0,51,2,0.955869,1.105985,0.918859,2,2,1,0
651,dernier_individu,94,34866,1,1,15,2,1,0,1,0,0,63,0,1.043030,1.017079,0.969735,1,1,1,0
652,dernier_individu,53,20729,0,0,53,1,1,1,0,0,0,54,4,0.975788,0.989229,1.025531,0,0,1,2
653,dernier_individu,89,36798,3,3,81,8,1,0,0,0,1,35,5,0.972872,0.896555,1.095201,3,3,1,0
654,limite_jours,200,82120,-1,-1,0,13,35,4,0,18,13,25,2,0.000000,0.000000,0.000000,-1,-1,-1,-1
655,dernier_individu,128,52072,2,2,128,4,1,0,0,1,0,34,6,0.945310,1.006058,1.016028,2,2,0,0
656,dernier_individu,141,54759,3,3,88,8,1,0,0,0,1,40,10,1.037095,0.926187,1.034946,3,3,0,1
657,dernier_individu,143,54144,1,1,29,2,1,0,1,0,0,59,0,0.999812,0.962270,1.074338,1,1,0,0
658,dernier_individu,70,25208,1,1,9,2,1,0,1,0,0,51,0,1.115710,1.070886,1.103174,1,1,0,2
659,dernier_individu,82,31578,1,1,20,2,1,0,1,0,0,58,2,1.008658,0.953614,1.082085,1,1,1,1
660,dernier_individu,53,19681,0,0,18,1,1,1,0,0,0,61,3,1.016867,0.994790,0.988701,0,0,0,0
661,limite_jours,200,89337,-1,-1,0,12,21,0,0,4,17,40,5,0.000000,0.000000,0.000000,-1,-1,-1,-1
662,dernier_individu,25,10090,2,2,25,4,1,0,0,1,0,57,2,1.030360,0.932938,1.103106,2,1,0,0
663,dernier_individu,32,13100,2,2,32,4,1,0,0,1,0,72,3,0.994540,1.042416,1.059325,2,2,0,0
664,limite_jours,200,89604,-1,-1,0,13,26,1,0,1,24,33,10,0.000000,0.000000,0.000000,-1,-1,-1,-1
665,dernier_individu,75,28580,1,1,31,2,1,0,1,0,0,31,0,1.059393,1.017825,0.974520,1,1,1,3
666,limite_jours,200,96516,-1,0,58,1,18,18,0,0,0,65,7,0.000000,0.000000,0.000000,-1,-1,-1,-1
667,dernier_individu,64,26026,3,3,64,8,1,0,0,0,1,41,1,0.922487,1.052881,1.024709,3,3,1,1
668,dernier_individu,79,35326,1,1,11,2,1,0,1,0,0,56,1,1.013135,0.875636,1.013080,1,1,0,3
669,dernier_individu,116,46444,1,1,12,2,1,0,1,0,0,33,0,1.043593,1.008339,1.067223,1,1,1,0
670,limite_jours,200,86033,-1,1,37,2,16,0,16,0,0,63,0,0.000000,0.000000,0.000000,-1,-1,-1,-1
671,limite_jours,200,79762,-1,1,10,2,6,0,6,0,0,59,0,0.000000,0.000000,0.000000,-1,-1,-1,-1
672,limite_jours,200,90503,-1,-1,0,13,27,17,0,7,3,24,2,0.000000,0.000000,0.000000,-1,-1,-1,-1
673,dernier_individu,84,33938,3,3,84,8,1,0,0,0,1,46,1,1.002743,1.044260,1.004886,3,3,0,2
674,dernier_individu,49,19277,0,0,49,1,1,1,0,0,0,50,1,1.130216,1.073351,1.002726,0,0,0,0
675,limite_jours,200,81859,-1,-1,0,13,6,3,0,1,2,49,7,0.000000,0.000000,0.000000,-1,-1,-1,-1
676,limite_jours,200,88236,-1,1,20,2,5,0,5,0,0,60,1,0.000000,0.000000,0.000000,-1,-1,-1,-1
677,dernier_individu,23,9101,1,1,12,2,1,0,1,0,0,49,1,0.946295,0.973628,1.128757,1,1,0,1
678,dernier_individu,61,24676,1,1,18,2,1,0,1,0,0,57,0,0.873325,0.983624,0.931990,1,1,0,2
679,limite_jours,200,81311,-1,1,22,2,16,0,16,0,0,62,0,0.000000,0.000000,0.000000,-1,-1,-1,-1
680,dernier_individu,153,61488,1,1,18,2,1,0,1,0,0,47,0,1.010115,0.957048,1.042544,1,1,1,3
681,dernier_individu,198,81720,1,1,11,2,1,0,1,0,0,53,0,1.020564,1.145048,1.048658,1,1,1,1
682,dernier_individu,55,21713,3,3,55,8,1,0,0,0,1,34,0,1.007926,0.968839,1.009683,1,3,0,1
683,dernier_individu,34,12974,1,1,34,2,1,0,1,0,0,42,0,1.001022,0.960640,1.073736,1,1,1,0
684,dernier_individu,41,15533,3,3,31,8,1,0,0,0,1,29,1,0.970665,1.045259,1.053295,3,3,1,0
685,dernier_individu,37,14202,3,3,27,8,1,0,0,0,1,49,9,0.950658,0.938439,1.020099,3,3,1,0
686,dernier_individu,47,18271,1,1,39,2,1,0,1,0,0,66,1,0.914035,0.997854,0.977510,1,1,1,0
687,limite_jours,200,102580,-1,1,19,2,19,0,19,0,0,43,0,0.000000,0.000000,0.000000,-1,-1,-1,-1
688,dernier_individu,57,22529,0,0,57,1,1,1,0,0,0,52,9,0.983138,1.085975,1.004475,0,0,0,1
689,limite_jours,200,76203,-1,-1,0,5,3,1,0,2,0,22,4,0.000000,0.000000,0.000000,-1,-1,-1,-1
690,limite_jours,200,88888,-1,1,36,2,11,0,11,0,0,48,0,0.000000,0.000000,0.000000,-1,-1,-1,-1
691,dernier_individu,41,16779,3,3,23,8,1,0,0,0,1,36,10,0.880956,0.923770,1.061541,3,3,1,1
692,dernier_individu,85,31964,1,1,85,2,1,0,1,0,0,73,0,0.982282,0.970268,0.981009,1,1,0,0
693,dernier_individu,52,21373,1,1,18,2,1,0,1,0,0,54,0,0.966807,0.956295,0.991139,1,1,0,3
694,limite_jours,200,89458,-1,-1,0,13,36,23,0,4,9,42,13,0.000000,0.000000,0.000000,-1,-1,-1,-1
695,limite_jours,200,84658,-1,1,18,2,17,0,17,0,0,72,0,0.000000,0.000000,0.000000,-1,-1,-1,-1
696,dernier_individu,27,11082,0,0,27,1,1,1,0,0,0,66,0,1.126567,1.071128,0.982310,0,0,0,3
697,limite_jours,200,84468,-1,-1,0,5,5,3,0,2,0,39,7,0.000000,0.000000,0.000000,-1,-1,-1,-1
698,limite_jours,200,79162,-1,1,21,2,2,0,2,0,0,44,0,0.000000,0.000000,0.000000,-1,-1,-1,-1
699,limite_jours,200,74108,-1,2,41,4,2,0,0,2,0,35,0,0.000000,0.000000,0.000000,-1,-1,-1,-1
700,limite_jours,200,78642,-1,1,17,2,4,0,4,0,0,68,1,0.000000,0.000000,0.000000,-1,-1,-1,-1
701,dernier_individu,52,19236,3,3,51,8,1,0,0,0,1,47,8,0.946772,1.054272,0.878807,3,3,0,1
702,dernier_individu,84,34317,2,2,84,4,1,0,0,1,0,55,7,0.990044,0.964150,0.939971,2,2,1,0
703,limite_jours,200,84094,-1,1,20,2,7,0,7,0,0,58,6,0.000000,0.000000,0.000000,-1,-1,-1,-1
704,dernier_individu,159,68151,3,3,159,8,1,0,0,0,1,49,10,0.996285,0.879996,0.782080,3,3,1,1
705,dernier_individu,28,11295,3,3,28,8,1,0,0,0,1,57,0,1.157355,0.912966,0.973760,3,3,0,3
706,dernier_individu,35,14423,2,2,35,4,1,0,0,1,0,61,9,0.995634,0.891716,0.942347,2,2,1,1
707,dernier_individu,130,50035,1,1,12,2,1,0,1,0,0,53,0,0.940318,1.053751,1.031149,1,1,1,3
708,limite_jours,200,77812,-1,2,41,4,3,0,0,3,0,42,3,0.000000,0.000000,0.000000,-1,-1,-1,-1
709,dernier_individu,125,44507,0,0,45,1,1,1,0,0,0,26,8,0.999718,1.084389,1.025255,0,0,1,1
710,dernier_individu,35,14278,3,3,35,8,1,0,0,0,1,62,10,1.024625,0.901604,1.026309,3,3,0,1
711,dernier_individu,27,10582,2,2,27,4,1,0,0,1,0,59,0,1.024952,1.051436,0.991499,2,2,0,0
712,dernier_individu,118,48605,0,0,40,1,1,1,0,0,0,49,12,0.997093,0.951258,0.990196,0,0,0,2
713,dernier_individu,21,8310,3,3,21,8,1,0,0,0,1,71,6,0.923532,1.122404,1.069379,3,3,1,0
714,dernier_individu,32,13343,1,1,20,2,1,0,1,0,0,59,5,0.982688,1.028704,1.097037,1,1,0,1
715,dernier_individu,28,12063,2,2,28,4,1,0,0,1,0,52,7,0.951114,0.991407,0.997469,2,2,0,3
716,dernier_individu,46,18885,1,1,46,2,1,0,1,0,0,59,0,0.942122,0.943622,0.907453,1,1,0,1
717,limite_jours,200,83881,-1,1,17,2,14,0,14,0,0,54,1,0.000000,0.000000,0.000000,-1,-1,-1,-1
718,dernier_individu,46,17869,0,0,41,1,1,1,0,0,0,55,1,0.920391,1.048966,0.996936,0,0,0,2
719,dernier_individu,57,23260,3,3,57,8,1,0,0,0,1,36,0,1.085504,1.003451,1.083732,3,3,1,0
720,dernier_individu,24,9181,0,0,24,1,1,1,0,0,0,74,1,1.005111,1.054530,0.984437,0,0,0,1
721,dernier_individu,28,11369,3,3,24,8,1,0,0,0,1,62,4,1.026344,0.950157,1.006818,3,3,0,2
722,limite_jours,200,86231,-1,1,17,2,16,0,16,0,0,40,1,0.000000,0.000000,0.000000,-1,-1,-1,-1
723,dernier_individu,35,13674,3,3,35,8,1,0,0,0,1,32,5,1.060797,1.021919,0.992181,3,3,1,1
724,limite_jours,200,89826,-1,-1,0,13,17,15,0,1,1,27,3,0.000000,0.000000,0.000000,-1,-1,-1,-1
725,dernier_individu,62,24396,1,1,33,2,1,0,1,0,0,50,0,1.040063,1.008499,0.986576,1,1,0,0
726,dernier_individu,43,17454,2,2,43,4,1,0,0,1,0,41,0,1.065041,1.026939,1.093272,2,1,0,0
727,dernier_individu,21,8725,3,3,21,8,1,0,0,0,1,54,0,0.965585,0.966368,1.057020,3,3,1,2
728,limite_jours,200,77708,-1,1,14,2,11,0,11,0,0,71,4,0.000000,0.000000,0.000000,-1,-1,-1,-1
729,dernier_individu,68,28197,2,2,68,4,1,0,0,1,0,47,3,0.902582,0.938700,0.967882,2,2,0,0
730,dernier_individu,70,28324,3,3,70,8,1,0,0,0,1,37,5,1.020771,0.974849,1.030800,0,3,1,3
731,dernier_individu,61,24238,0,0,61,1,1,1,0,0,0,53,0,0.963223,0.942123,1.025038,0,0,1,0
732,dernier_individu,24,10032,1,1,11,2,1,0,1,0,0,37,0,0.925627,0.970107,0.972300,1,1,0,0
733,limite_jours,200,90830,-1,1,17,2,11,0,11,0,0,55,0,0.000000,0.000000,0.000000,-1,-1,-1,-1
734,dernier_individu,102,40791,3,3,102,8,1,0,0,0,1,49,0,1.013714,0.920210,0.973517,3,3,0,0
735,limite_jours,200,80738,-1,1,23,2,13,0,13,0,0,50,3,0.000000,0.000000,0.000000,-1,-1,-1,-1
736,dernier_individu,113,43569,1,1,20,2,1,0,1,0,0,66,0,1.015586,1.091959,1.031777,1,1,1,1
737,dernier_individu,77,29877,1,1,24,2,1,0,1,0,0,44,5,0.988830,1.032778,1.094959,1,1,0,3
738,limite_jours,200,80694,-1,1,20,2,9,0,9,0,0,38,0,0.000000,0.000000,0.000000,-1,-1,-1,-1
739,dernier_individu,64,24868,1,1,36,2,1,0,1,0,0,48,0,1.018048,1.011635,0.980823,1,1,1,2
740,limite_jours,200,88399,-1,-1,0,9,3,2,0,0,1,35,4,0.000000,0.000000,0.000000,-1,-1,-1,-1
741,dernier_individu,46,17005,1,1,22,2,1,0,1,0,0,86,4,1.027484,0.986345,1.012642,1,1,1,3
742,dernier_individu,49,19629,1,1,49,2,1,0,1,0,0,59,0,0.972851,0.958194,0.905111,1,1,1,0
743,limite_jours,200,80175,-1,2,44,4,3,0,0,3,0,44,1,0.000000,0.000000,0.000000,-1,-1,-1,-1
744,dernier_individu,56,23098,1,1,56,2,1,0,1,0,0,62,10,0.912699,0.990850,0.971048,1,1,1,0
745,dernier_individu,60,22918,1,1,60,2,1,0,1,0,0,50,0,1.071172,0.999790,1.003609,1,0,0,2
746,dernier_individu,103,37910,3,3,42,8,1,0,0,0,1,56,1,1.001814,1.061540,0.933938,3,3,1,0
747,dernier_individu,30,11101,1,1,30,2,1,0,1,0,0,31,0,1.066152,1.048906,1.009623,1,1,0,0
748,dernier_individu,68,27023,1,1,24,2,1,0,1,0,0,44,1,1.000772,1.041106,1.043868,1,1,0,1
749,dernier_individu,63,24185,3,3,63,8,1,0,0,0,1,66,0,1.053492,0.930351,1.022278,3,3,1,0
750,dernier_individu,63,23003,3,3,63,8,1,0,0,0,1,59,0,0.946453,0.978499,1.113224,3,3,0,0
751,dernier_individu,179,79772,2,2,133,4,1,0,0,1,0,48,12,1.012578,0.947434,0.954384,2,2,0,3
752,limite_jours,200,91084,-1,1,28,2,17,0,17,0,0,47,0,0.000000,0.000000,0.000000,-1,-1,-1,-1
753,dernier_individu,41,16198,1,1,41,2,1,0,1,0,0,47,0,1.027199,1.077130,0.974587,1,1,0,0
754,limite_jours,200,71303,-1,1,19,2,11,0,11,0,0,66,1,0.000000,0.000000,0.000000,-1,-1,-1,-1
755,dernier_individu,154,59025,3,3,154,8,1,0,0,0,1,62,3,1.055124,1.096254,1.038831,3,3,1,0
756,dernier_individu,179,77194,2,2,59,4,1,0,0,1,0,78,1,1.000625,0.890496,0.994937,1,2,0,2
757,limite_jours,200,75726,-1,1,19,2,10,0,10,0,0,52,0,0.000000,0.000000,0.000000,-1,-1,-1,-1
758,dernier_individu,43,16165,1,1,14,2,1,0,1,0,0,45,0,0.934984,1.144533,0.974148,1,1,1,0
759,dernier_individu,48,20666,2,2,48,4,1,0,0,1,0,71,1,0.935228,0.942927,1.015803,1,2,0,3
760,dernier_individu,94,36904,1,1,20,2,1,0,1,0,0,76,0,0.908811,0.988325,1.068451,1,1,0,1
761,dernier_individu,43,16241,0,0,43,1,1,1,0,0,0,69,2,1.141047,1.005520,1.095261,0,0,1,0
762,dernier_individu,21,8886,2,2,21,4,1,0,0,1,0,59,0,0.982318,1.018630,0.979742,2,2,0,0
763,limite_jours,200,92020,-1,1,9,2,16,0,16,0,0,48,0,0.000000,0.000000,0.000000,-1,-1,-1,-1
764,dernier_individu,121,50225,0,0,117,1,1,1,0,0,0,39,11,0.989104,0.975415,0.930919,0,2,0,1
765,dernier_individu,91,38156,1,1,29,2,1,0,1,0,0,74,2,0.969373,1.075187,1.026734,1,1,1,3
766,dernier_individu,52,19536,0,0,52,1,1,1,0,0,0,39,5,1.069302,1.018575,1.034181,0,0,1,0
767,dernier_individu,153,57563,1,1,74,2,1,0,1,0,0,81,0,1.023003,0.975081,1.046866,1,1,1,1
768,dernier_individu,77,31356,0,0,77,1,1,1,0,0,0,69,7,0.987891,0.985242,1.043341,0,0,1,0
769,limite_jours,200,86398,-1,-1,0,12,5,0,0,3,2,55,4,0.000000,0.000000,0.000000,-1,-1,-1,-1
770,limite_jours,200,85301,-1,1,11,2,9,0,9,0,0,52,0,0.000000,0.000000,0.000000,-1,-1,-1,-1
771,dernier_individu,44,17218,1,1,29,2,1,0,1,0,0,26,0,1.058080,1.000125,0.895282,1,1,1,1
772,dernier_individu,99,37817,1,1,29,2,1,0,1,0,0,64,0,0.985790,1.098559,1.006845,1,1,1,1
773,dernier_individu,65,26752,3,3,65,8,1,0,0,0,1,78,4,1.081153,0.999788,1.037693,3,0,1,3
774,limite_jours,200,85157,-1,1,7,2,16,0,16,0,0,60,1,0.000000,0.000000,0.000000,-1,-1,-1,-1
775,dernier_individu,67,26621,1,1,38,2,1,0,1,0,0,57,6,0.929705,1.012115,0.961467,1,1,0,1
776,dernier_individu,61,24932,0,0,57,1,1,1,0,0,0,39,0,1.067415,0.994071,0.927970,0,0,1,0
777,limite_jours,200,84072,-1,-1,0,13,16,4,0,11,1,34,9,0.000000,0.000000,0.000000,-1,-1,-1,-1
778,limite_jours,200,87949,-1,-1,0,12,19,0,0,7,12,43,7,0.000000,0.000000,0.000000,-1,-1,-1,-1
779,dernier_individu,60,22643,0,0,60,1,1,1,0,0,0,49,0,1.054233,1.022129,0.909158,0,0,1,1
780,limite_jours,200,84316,-1,1,12,2,18,0,18,0,0,62,3,0.000000,0.000000,0.000000,-1,-1,-1,-1
781,dernier_individu,28,11044,0,0,27,1,1,1,0,0,0,57,10,0.936377,1.061721,0.987857,0,0,1,2
782,limite_jours,200,83211,-1,1,15,2,14,0,14,0,0,54,0,0.000000,0.000000,0.000000,-1,-1,-1,-1
783,limite_jours,200,87914,-1,-1,0,13,31,13,0,16,2,44,11,0.000000,0.000000,0.000000,-1,-1,-1,-1
784,dernier_individu,79,27937,3,3,79,8,1,0,0,0,1,65,10,0.910749,1.072832,1.023255,3,3,1,1
785,limite_jours,200,87212,-1,1,14,2,15,0,15,0,0,52,1,0.000000,0.000000,0.000000,-1,-1,-1,-1
786,dernier_individu,26,10461,1,1,26,2,1,0,1,0,0,36,0,1.020363,0.998314,1.022185,1,1,0,0
787,limite_jours,200,89304,-1,-1,0,12,4,0,0,3,1,36,7,0.000000,0.000000,0.000000,-1,-1,-1,-1
788,dernier_individu,38,14370,1,1,22,2,1,0,1,0,0,39,0,1.001202,1.001809,0.973404,1,1,0,2
789,limite_jours,200,81142,-1,1,12,2,12,0,12,0,0,60,1,0.000000,0.000000,0.000000,-1,-1,-1,-1
790,limite_jours,200,89761,-1,1,16,2,15,0,15,0,0,66,0,0.000000,0.000000,0.000000,-1,-1,-1,-1
791,limite_jours,200,87138,-1,0,60,1,16,16,0,0,0,56,4,0.000000,0.000000,0.000000,-1,-1,-1,-1
792,limite_jours,200,86128,-1,2,59,4,14,0,0,14,0,63,5,0.000000,0.000000,0.000000,-1,-1,-1,-1
793,dernier_individu,66,29160,2,2,66,4,1,0,0,1,0,27,0,0.959187,0.863965,0.951946,2,2,1,0
794,dernier_individu,39,15948,3,3,39,8,1,0,0,0,1,46,0,0.998766,0.882988,0.989385,3,3,0,0
795,dernier_individu,25,10120,1,1,25,2,1,0,1,0,0,70,1,0.951078,0.985139,1.000402,0,1,0,1
796,limite_jours,200,81993,-1,-1,0,12,2,0,0,1,1,36,8,0.000000,0.000000,0.000000,-1,-1,-1,-1
797,limite_jours,200,79090,-1,-1,0,12,12,0,0,7,5,31,0,0.000000,0.000000,0.000000,-1,-1,-1,-1
798,limite_jours,200,95964,-1,1,32,2,18,0,18,0,0,77,0,0.000000,0.000000,0.000000,-1,-1,-1,-1
799,limite_jours,200,77473,-1,0,44,1,14,14,0,0,0,61,0,0.000000,0.000000,0.000000,-1,-1,-1,-1
800,limite_jours,200,89314,-1,1,36,2,20,0,20,0,0,54,0,0.000000,0.000000,0.000000,-1,-1,-1,-1
801,limite_jours,200,88561,-1,2,25,4,5,0,0,5,0,61,13,0.000000,0.000000,0.000000,-1,-1,-1,-1
802,dernier_individu,40,16351,0,0,40,1,1,1,0,0,0,49,1,0.954997,1.033050,0.941516,0,0,1,0
803,dernier_individu,34,14744,1,1,33,2,1,0,1,0,0,63,4,1.067908,0.944534,1.071291,1,2,0,1
804,limite_jours,200,81984,-1,1,11,2,10,0,10,0,0,42,1,0.000000,0.000000,0.000000,-1,-1,-1,-1
805,dernier_individu,38,16091,0,0,38,1,1,1,0,0,0,37,0,0.877635,0.912098,1.030326,0,0,1,0
806,dernier_individu,43,18527,1,1,11,2,1,0,1,0,0,46,4,0.993620,0.960832,1.086397,1,1,0,0
807,dernier_individu,35,14583,1,1,30,2,1,0,1,0,0,74,1,1.041942,0.931856,1.026780,1,0,0,3
808,dernier_individu,53,19978,0,0,53,1,1,1,0,0,0,37,1,0.974158,1.055078,0.949149,0,0,0,3
809,dernier_individu,77,30627,0,0,47,1,1,1,0,0,0,53,2,0.908573,1.068592,0.896426,0,0,0,0
810,dernier_individu,51,19819,1,1,31,2,1,0,1,0,0,54,0,0.925948,0.992827,0.981543,1,1,0,1
811,limite_jours,200,82928,-1,1,35,2,14,0,14,0,0,87,0,0.000000,0.000000,0.000000,-1,-1,-1,-1
812,dernier_individu,115,44522,1,1,25,2,1,0,1,0,0,61,3,0.957817,1.058418,0.968589,1,1,1,2
813,dernier_individu,43,17538,0,0,43,1,1,1,0,0,0,45,9,0.998906,1.095226,0.992851,0,0,0,2
814,dernier_individu,23,9064,2,2,23,4,1,0,0,1,0,62,0,0.991454,1.034189,1.079161,2,2,1,2
815,limite_jours,200,81060,-1,-1,0,9,4,3,0,0,1,77,14,0.000000,0.000000,0.000000,-1,-1,-1,-1
816,limite_jours,200,69581,-1,3,158,8,2,0,0,0,2,55,7,0.000000,0.000000,0.000000,-1,-1,-1,-1
817,dernier_individu,63,24667,1,1,11,2,1,0,1,0,0,52,0,1.022094,0.933705,1.013237,1,1,1,1
818,dernier_individu,84,30758,1,1,25,2,1,0,1,0,0,60,1,1.061793,1.009681,0.933023,1,1,1,3
819,limite_jours,200,84656,-1,1,15,2,12,0,12,0,0,83,6,0.000000,0.000000,0.000000,-1,-1,-1,-1
820,dernier_individu,142,58543,2,2,133,4,1,0,0,1,0,40,13,1.039857,0.967524,0.936323,2,2,0,0
821,limite_jours,200,85806,-1,-1,0,12,31,0,0,21,10,33,6,0.000000,0.000000,0.000000,-1,-1,-1,-1
822,dernier_individu,60,23237,3,3,60,8,1,0,0,0,1,54,2,1.024146,1.048604,1.048399,3,3,1,0
823,dernier_individu,171,63913,1,1,18,2,1,0,1,0,0,38,0,1.114062,0.977174,0.998148,1,1,1,3
824,dernier_individu,48,19546,1,1,35,2,1,0,1,0,0,67,0,1.016290,0.957175,1.060880,1,1,1,2
825,limite_jours,200,87797,-1,1,10,2,11,0,11,0,0,45,0,0.000000,0.000000,0.000000,-1,-1,-1,-1
826,limite_jours,200,81582,-1,1,10,2,9,0,9,0,0,65,0,0.000000,0.000000,0.000000,-1,-1,-1,-1
827,dernier_individu,170,65300,2,2,87,4,1,0,0,1,0,59,6,0.966467,0.942464,1.133609,0,2,1,0
828,limite_jours,200,82993,-1,2,142,4,6,0,0,6,0,38,15,0.000000,0.000000,0.000000,-1,-1,-1,-1
829,limite_jours,200,76056,-1,0,23,1,11,11,0,0,0,54,2,0.000000,0.000000,0.000000,-1,-1,-1,-1
830,limite_jours,200,87847,-1,-1,0,9,24,21,0,0,3,52,4,0.000000,0.000000,0.000000,-1,-1,-1,-1
831,limite_jours,200,78035,-1,1,16,2,5,0,5,0,0,70,2,0.000000,0.000000,0.000000,-1,-1,-1,-1
832,dernier_individu,103,41506,0,0,103,1,1,1,0,0,0,41,8,1.049418,0.985333,1.014057,0,0,1,1
833,dernier_individu,41,16068,1,1,19,2,1,0,1,0,0,59,0,1.132707,1.015860,0.865589,1,1,1,1
834,dernier_individu,147,53259,3,3,147,8,1,0,0,0,1,85,7,0.936488,1.024459,0.997160,1,3,0,0
835,limite_jours,200,93600,-1,1,22,2,17,0,17,0,0,79,0,0.000000,0.000000,0.000000,-1,-1,-1,-1
836,dernier_individu,81,29948,0,0,81,1,1,1,0,0,0,50,5,1.028200,0.985130,1.007679,0,0,1,3
837,limite_jours,200,77220,-1,1,11,2,7,0,7,0,0,50,1,0.000000,0.000000,0.000000,-1,-1,-1,-1
838,dernier_individu,30,11453,0,0,30,1,1,1,0,0,0,72,0,1.053290,1.045594,1.014641,0,0,0,0
839,dernier_individu,92,35112,1,1,34,2,1,0,1,0,0,53,0,1.009739,1.020920,1.011992,1,1,1,0
840,dernier_individu,34,14632,0,0,34,1,1,1,0,0,0,48,0,0.985192,0.982299,0.908065,0,0,0,0
841,dernier_individu,81,31282,3,3,81,8,1,0,0,0,1,43,3,0.982513,0.983995,1.009557,3,3,1,0
842,limite_jours,200,82530,-1,1,52,2,17,0,17,0,0,69,5,0.000000,0.000000,0.000000,-1,-1,-1,-1
843,limite_jours,200,82280,-1,-1,0,12,16,0,0,9,7,56,5,0.000000,0.000000,0.000000,-1,-1,-1,-1
844,limite_jours,200,81371,-1,1,17,2,17,0,17,0,0,48,0,0.000000,0.000000,0.000000,-1,-1,-1,-1
845,dernier_individu,43,17011,1,1,18,2,1,0,1,0,0,48,0,1.027417,0.992046,0.912060,1,1,0,3
846,dernier_individu,41,16203,0,0,41,1,1,1,0,0,0,23,6,1.006420,1.000636,0.977765,0,0,1,0
847,dernier_individu,112,49568,1,1,18,2,1,0,1,0,0,42,0,0.915228,1.007269,0.996599,1,1,0,0
848,dernier_individu,21,9415,2,2,21,4,1,0,0,1,0,47,0,1.066817,0.970480,1.016595,2,2,1,1
849,dernier_individu,45,17664,1,1,13,2,1,0,1,0,0,62,0,0.995222,1.013137,1.002301,1,1,1,1
850,limite_jours,200,81745,-1,1,13,2,10,0,10,0,0,69,2,0.000000,0.000000,0.000000,-1,-1,-1,-1
851,dernier_individu,122,52268,2,2,77,4,1,0,0,1,0,68,14,0.896592,0.951196,0.896913,2,2,0,0
852,dernier_individu,79,30384,3,3,79,8,1,0,0,0,1,39,3,1.018040,0.961506,0.946279,3,3,1,1
853,dernier_individu,91,35696,2,2,91,4,1,0,0,1,0,52,2,0.980541,1.055249,0.944663,2,2,1,1
854,dernier_individu,85,31947,3,3,63,8,1,0,0,0,1,65,6,0.982542,1.024341,0.970243,3,0,1,1
855,limite_jours,200,77652,-1,-1,0,5,2,1,0,1,0,46,10,0.000000,0.000000,0.000000,-1,-1,-1,-1
856,dernier_individu,70,24015,3,3,70,8,1,0,0,0,1,62,6,1.048861,1.011594,1.115412,3,3,1,1
857,limite_jours,200,76378,-1,1,28,2,4,0,4,0,0,61,0,0.000000,0.000000,0.000000,-1,-1,-1,-1
858,limite_jours,200,86994,-1,-1,0,5,20,6,0,14,0,32,3,0.000000,0.000000,0.000000,-1,-1,-1,-1
859,dernier_individu,34,12934,0,0,34,1,1,1,0,0,0,33,0,0.929963,1.015880,1.101820,0,0,1,3
860,dernier_individu,86,30897,2,2,86,4,1,0,0,1,0,50,9,1.026846,0.990469,0.977387,2,2,0,3
861,dernier_individu,166,64618,0,0,142,1,1,1,0,0,0,40,5,1.112020,0.899722,1.015003,0,0,1,0
862,limite_jours,200,83577,-1,1,10,2,16,0,16,0,0,56,0,0.000000,0.000000,0.000000,-1,-1,-1,-1
863,limite_jours,200,79499,-1,3,104,8,2,0,0,0,2,58,6,0.000000,0.000000,0.000000,-1,-1,-1,-1
864,dernier_individu,77,29739,1,1,32,2,1,0,1,0,0,45,0,1.095818,1.036255,1.027971,1,1,1,2
865,limite_jours,200,79659,-1,1,7,2,13,0,13,0,0,38,0,0.000000,0.000000,0.000000,-1,-1,-1,-1
866,dernier_individu,146,69716,2,2,142,4,1,0,0,1,0,29,3,1.030882,1.060352,1.015469,2,2,0,1
867,dernier_individu,42,16240,1,1,16,2,1,0,1,0,0,37,0,1.024045,0.983926,1.056724,1,1,1,0
868,dernier_individu,134,51422,1,1,17,2,1,0,1,0,0,38,0,0.941989,1.076119,0.996942,1,1,1,0
869,dernier_individu,46,15638,1,1,25,2,1,0,1,0,0,47,2,1.082672,1.021176,1.078864,1,1,1,1
870,dernier_individu,54,20078,2,2,37,4,1,0,0,1,0,30,3,1.105798,1.030023,0.984803,2,2,1,3
871,dernier_individu,43,18694,2,2,43,4,1,0,0,1,0,53,2,0.974449,0.843810,1.021736,2,2,0,1
872,dernier_individu,64,27627,1,1,23,2,1,0,1,0,0,88,3,0.972876,0.919330,1.028753,1,1,0,3
873,dernier_individu,40,16014,1,1,29,2,1,0,1,0,0,40,0,1.004105,1.010506,1.124348,1,1,1,3
874,limite_jours,200,91363,-1,1,16,2,15,0,15,0,0,56,1,0.000000,0.000000,0.000000,-1,-1,-1,-1
875,limite_jours,200,84011,-1,0,48,1,7,7,0,0,0,68,8,0.000000,0.000000,0.000000,-1,-1,-1,-1
876,dernier_individu,50,21763,1,1,13,2,1,0,1,0,0,60,0,0.963542,0.970050,0.969613,1,1,1,2
877,dernier_individu,27,11062,1,1,21,2,1,0,1,0,0,65,0,0.981550,0.937567,1.007622,1,1,0,2
878,dernier_individu,104,42787,1,1,21,2,1,0,1,0,0,64,1,1.064326,1.025366,0.906714,1,1,1,0
879,limite_jours,200,84209,-1,1,18,2,20,0,20,0,0,30,0,0.000000,0.000000,0.000000,-1,-1,-1,-1
880,dernier_individu,27,10669,1,1,11,2,1,0,1,0,0,78,1,0.986555,1.016177,1.100594,1,1,1,1
881,limite_jours,200,92356,-1,1,11,2,15,0,15,0,0,59,0,0.000000,0.000000,0.000000,-1,-1,-1,-1
882,limite_jours,200,83450,-1,1,12,2,13,0,13,0,0,58,0,0.000000,0.000000,0.000000,-1,-1,-1,-1
883,dernier_individu,20,8294,0,0,20,1,1,1,0,0,0,52,5,1.027126,0.865622,1.040276,0,0,0,0
884,limite_jours,200,80950,-1,1,10,2,14,0,14,0,0,41,0,0.000000,0.000000,0.000000,-1,-1,-1,-1
885,dernier_individu,110,39808,1,1,14,2,1,0,1,0,0,68,15,1.059025,1.075069,1.108363,1,1,0,1
886,limite_jours,200,86257,-1,1,10,2,14,0,14,0,0,59,0,0.000000,0.000000,0.000000,-1,-1,-1,-1
887,dernier_individu,132,52190,2,2,23,4,1,0,0,1,0,57,0,1.020198,0.982040,1.034053,2,2,1,0
888,limite_jours,200,83485,-1,-1,0,9,3,2,0,0,1,18,1,0.000000,0.000000,0.000000,-1,-1,-1,-1
889,dernier_individu,85,35639,1,1,19,2,1,0,1,0,0,69,1,1.075903,0.902893,0.870098,1,1,0,2
890,dernier_individu,55,21685,1,1,22,2,1,0,1,0,0,23,0,0.894594,1.001742,0.980022,1,1,0,3
891,limite_jours,200,94273,-1,-1,0,13,31,13,0,14,4,23,2,0.000000,0.000000,0.000000,-1,-1,-1,-1
892,extinction,49,19666,-1,1,13,2,2,0,0,0,0,53,0,0.000000,0.000000,0.000000,-1,-1,-1,-1
893,limite_jours,200,87837,-1,0,44,1,8,8,0,0,0,20,1,0.000000,0.000000,0.000000,-1,-1,-1,-1
894,limite_jours,200,94184,-1,-1,0,5,28,16,0,12,0,41,10,0.000000,0.000000,0.000000,-1,-1,-1,-1
895,dernier_individu,86,31947,1,1,58,2,1,0,1,0,0,43,2,1.035525,0.945186,1.011655,1,1,0,0
896,dernier_individu,32,12924,3,3,32,8,1,0,0,0,1,44,9,1.034291,0.962058,0.925659,3,3,0,2
897,dernier_individu,39,16064,1,1,15,2,1,0,1,0,0,57,1,1.102970,0.969529,1.050112,1,1,0,2
898,dernier_individu,28,11817,1,1,27,2,1,0,1,0,0,52,0,0.971990,0.957854,0.973798,1,1,1,1
899,dernier_individu,31,12067,3,3,27,8,1,0,0,0,1,57,0,1.074111,0.958438,1.027409,3,3,1,1
900,limite_jours,200,79646,-1,1,17,2,15,0,15,0,0,57,0,0.000000,0.000000,0.000000,-1,-1,-1,-1
901,limite_jours,200,80901,-1,1,12,2,15,0,15,0,0,56,4,0.000000,0.000000,0.000000,-1,-1,-1,-1
902,dernier_individu,41,15456,2,2,41,4,1,0,0,1,0,54,12,0.939550,1.017415,0.994539,2,2,1,1
903,limite_jours,200,80591,-1,-1,0,13,23,20,0,2,1,42,5,0.000000,0.000000,0.000000,-1,-1,-1,-1
904,dernier_individu,22,8908,1,1,10,2,1,0,1,0,0,40,0,1.000860,0.990836,0.968213,1,1,1,2
905,dernier_individu,60,21630,1,1,19,2,1,0,1,0,0,32,0,1.065409,0.994461,1.058196,1,1,1,2
906,dernier_individu,28,10972,3,3,22,8,1,0,0,0,1,60,7,0.972127,1.040273,1.030334,3,0,0,2
907,limite_jours,200,81464,-1,-1,0,5,2,1,0,1,0,45,5,0.000000,0.000000,0.000000,-1,-1,-1,-1
908,limite_jours,200,83974,-1,1,11,2,16,0,16,0,0,53,4,0.000000,0.000000,0.000000,-1,-1,-1,-1
909,dernier_individu,31,12902,1,1,15,2,1,0,1,0,0,53,0,1.029576,1.096170,0.993737,1,1,0,1
910,dernier_individu,38,15233,1,1,38,2,1,0,1,0,0,59,4,1.135579,0.924677,1.030114,0,1,1,3
911,limite_jours,200,93751,-1,1,6,2,7,0,7,0,0,48,1,0.000000,0.000000,0.000000,-1,-1,-1,-1
912,limite_jours,200,77365,-1,2,132,4,6,0,0,6,0,37,14,0.000000,0.000000,0.000000,-1,-1,-1,-1
913,limite_jours,200,73704,-1,-1,0,9,3,1,0,0,2,71,8,0.000000,0.000000,0.000000,-1,-1,-1,-1
914,dernier_individu,176,69143,1,1,12,2,1,0,1,0,0,35,0,0.936582,0.965574,0.990066,1,1,0,1
915,dernier_individu,27,10710,2,2,25,4,1,0,0,1,0,73,14,0.978316,0.980171,1.022106,2,2,1,0
916,limite_jours,200,76210,-1,1,26,2,15,0,15,0,0,69,2,0.000000,0.000000,0.000000,-1,-1,-1,-1
917,dernier_individu,64,26554,3,3,64,8,1,0,0,0,1,45,2,0.927964,0.916988,1.045401,3,3,1,0
918,dernier_individu,58,21761,2,2,58,4,1,0,0,1,0,64,11,0.982607,0.983628,0.956988,2,2,0,0
919,limite_jours,200,94219,-1,-1,0,13,20,16,0,2,2,56,11,0.000000,0.000000,0.000000,-1,-1,-1,-1
920,limite_jours,200,81605,-1,1,32,2,14,0,14,0,0,55,0,0.000000,0.000000,0.000000,-1,-1,-1,-1
921,dernier_individu,21,8560,1,1,12,2,1,0,1,0,0,58,2,1.039850,1.010084,0.986149,1,1,1,1
922,dernier_individu,161,65094,1,1,19,2,1,0,1,0,0,58,2,0.890138,1.008031,0.962735,1,0,1,1
923,limite_jours,200,82786,-1,1,15,2,24,0,24,0,0,59,0,0.000000,0.000000,0.000000,-1,-1,-1,-1
924,dernier_individu,64,25557,2,2,27,4,1,0,0,1,0,69,10,0.926766,1.039691,0.966911,2,2,1,0
925,dernier_individu,21,8813,1,1,20,2,1,0,1,0,0,59,1,0.821558,1.045923,1.082126,1,1,1,3
926,dernier_individu,70,27606,0,0,49,1,1,1,0,0,0,66,5,0.979933,0.978331,1.007682,0,0,1,0
927,dernier_individu,112,47487,1,1,26,2,1,0,1,0,0,61,2,1.048572,0.978810,0.952627,1,1,0,0
928,dernier_individu,137,52514,0,0,137,1,1,1,0,0,0,32,11,1.013474,0.898252,1.050703,0,0,1,2
929,dernier_individu,116,41585,3,3,116,8,1,0,0,0,1,58,13,0.977245,1.096084,1.107865,3,3,1,2
930,dernier_individu,75,27386,1,1,26,2,1,0,1,0,0,51,1,1.113927,0.958202,1.019940,1,1,0,1
931,limite_jours,200,82415,-1,1,31,2,3,0,3,0,0,69,0,0.000000,0.000000,0.000000,-1,-1,-1,-1
932,dernier_individu,161,58210,2,2,161,4,1,0,0,1,0,55,11,1.035133,1.125399,1.025156,2,2,0,0
933,dernier_individu,57,21826,0,0,26,1,1,1,0,0,0,35,0,1.059975,0.963999,1.082821,0,0,0,0
934,dernier_individu,41,16202,0,0,41,1,1,1,0,0,0,73,2,1.060275,1.011162,0.984506,0,0,0,1
935,limite_jours,200,92668,-1,-1,0,13,31,1,0,18,12,51,11,0.000000,0.000000,0.000000,-1,-1,-1,-1
936,dernier_individu,60,24834,0,0,60,1,1,1,0,0,0,66,1,0.897998,0.944127,1.022886,0,0,1,0
937,dernier_individu,49,18696,3,3,49,8,1,0,0,0,1,52,4,1.023480,1.000832,1.004373,3,3,0,0
938,limite_jours,200,79618,-1,1,15,2,13,0,13,0,0,53,2,0.000000,0.000000,0.000000,-1,-1,-1,-1
939,dernier_individu,25,9916,1,1,14,2,1,0,1,0,0,59,1,0.986699,0.963652,1.020560,1,1,1,1
940,dernier_individu,89,35492,1,1,22,2,1,0,1,0,0,45,1,1.005592,1.000259,1.050408,1,1,0,3
941,limite_jours,200,97673,-1,-1,0,13,34,10,0,9,15,43,3,0.000000,0.000000,0.000000,-1,-1,-1,-1
942,dernier_individu,64,26055,2,2,64,4,1,0,0,1,0,42,6,0.997488,1.017077,1.045440,2,2,1,2
943,dernier_individu,126,48037,0,0,126,1,1,1,0,0,0,42,11,0.989395,1.023041,0.973961,0,0,1,1
944,dernier_individu,171,73374,2,2,158,4,1,0,0,1,0,48,4,0.944943,0.909295,0.968923,2,2,0,3
945,limite_jours,200,81558,-1,1,28,2,15,0,15,0,0,53,0,0.000000,0.000000,0.000000,-1,-1,-1,-1
946,dernier_individu,70,26831,2,2,70,4,1,0,0,1,0,72,6,1.025478,0.973937,0.970808,2,2,1,2
947,limite_jours,200,87193,-1,-1,0,13,19,8,0,10,1,33,6,0.000000,0.000000,0.000000,-1,-1,-1,-1
948,dernier_individu,30,11835,0,0,30,1,1,1,0,0,0,54,7,1.082975,1.032049,1.078114,0,0,0,3
949,dernier_individu,20,7780,1,1,20,2,1,0,1,0,0,33,0,0.992780,1.016625,0.937687,1,1,0,2
950,dernier_individu,75,29210,3,3,75,8,1,0,0,0,1,31,0,1.016010,0.937121,1.054666,3,3,1,0
951,dernier_individu,150,59281,1,1,16,2,1,0,1,0,0,72,0,0.977045,1.035369,0.991164,1,1,1,2
952,dernier_individu,29,11304,1,1,22,2,1,0,1,0,0,42,2,1.127910,0.983847,1.080628,1,1,1,0
953,dernier_individu,36,16240,0,0,36,1,1,1,0,0,0,28,1,0.963191,0.922119,0.835481,1,0,1,2
954,limite_jours,200,76498,-1,3,51,8,18,0,0,0,18,43,9,0.000000,0.000000,0.000000,-1,-1,-1,-1
955,dernier_individu,46,20128,1,1,18,2,1,0,1,0,0,40,1,1.012095,0.945634,1.127539,1,1,1,3
956,dernier_individu,160,57090,0,0,28,1,1,1,0,0,0,51,0,1.013765,0.933189,1.058730,0,0,0,1
957,dernier_individu,112,47910,1,1,37,2,1,0,1,0,0,61,1,1.008921,0.962374,1.014424,1,1,0,1
958,limite_jours,200,83890,-1,-1,0,5,20,10,0,10,0,34,2,0.000000,0.000000,0.000000,-1,-1,-1,-1
959,dernier_individu,36,13880,1,1,12,2,1,0,1,0,0,54,0,0.985088,1.033825,0.961040,1,1,0,2
960,dernier_individu,81,31035,2,2,81,4,1,0,0,1,0,53,2,0.966703,0.992798,0.958892,2,2,0,0
961,dernier_individu,152,64758,2,2,36,4,1,0,0,1,0,42,3,0.920032,0.987233,0.941306,2,2,1,0
962,limite_jours,200,87459,-1,-1,0,5,6,5,0,1,0,33,3,0.000000,0.000000,0.000000,-1,-1,-1,-1
963,limite_jours,200,90038,-1,1,23,2,14,0,14,0,0,48,0,0.000000,0.000000,0.000000,-1,-1,-1,-1
964,limite_jours,200,85668,-1,1,15,2,2,0,2,0,0,48,0,0.000000,0.000000,0.000000,-1,-1,-1,-1
965,limite_jours,200,89952,-1,-1,0,13,34,12,0,16,6,32,2,0.000000,0.000000,0.000000,-1,-1,-1,-1
966,limite_jours,200,81917,-1,1,21,2,6,0,6,0,0,70,2,0.000000,0.000000,0.000000,-1,-1,-1,-1
967,dernier_individu,149,58289,1,1,15,2,1,0,1,0,0,54,0,1.058161,1.005757,1.075123,1,1,1,3
968,dernier_individu,93,36059,1,1,93,2,1,0,1,0,0,68,0,1.004813,1.045915,0.997156,1,1,1,0
969,dernier_individu,139,61806,1,1,9,2,1,0,1,0,0,33,0,1.017828,0.852385,1.041882,1,1,0,3
970,limite_jours,200,85971,-1,1,26,2,10,0,10,0,0,64,1,0.000000,0.000000,0.000000,-1,-1,-1,-1
971,limite_jours,200,79372,-1,1,15,2,18,0,18,0,0,76,1,0.000000,0.000000,0.000000,-1,-1,-1,-1
972,limite_jours,200,79545,-1,1,16,2,9,0,9,0,0,52,0,0.000000,0.000000,0.000000,-1,-1,-1,-1
973,dernier_individu,24,10285,1,1,15,2,1,0,1,0,0,57,0,1.023912,0.983567,1.018996,1,1,1,1
974,dernier_individu,57,21400,0,0,57,1,1,1,0,0,0,63,0,0.970314,0.998951,0.915811,0,0,0,0
975,dernier_individu,54,21421,1,1,23,2,1,0,1,0,0,38,3,1.000338,1.067967,1.118923,1,1,1,3
976,limite_jours,200,85515,-1,1,17,2,11,0,11,0,0,55,1,0.000000,0.000000,0.000000,-1,-1,-1,-1
977,dernier_individu,38,15451,1,1,32,2,1,0,1,0,0,76,0,0.960734,1.003994,0.911689,1,1,1,0
978,dernier_individu,43,15999,3,3,43,8,1,0,0,0,1,49,4,1.087414,0.947923,1.046018,1,3,1,2
979,dernier_individu,29,12603,1,1,28,2,1,0,1,0,0,60,2,1.036485,1.042122,0.940786,1,1,1,1
980,dernier_individu,114,39478,1,1,46,2,1,0,1,0,0,47,0,1.057638,0.989351,1.030478,1,1,0,0
981,dernier_individu,23,9291,0,0,23,1,1,1,0,0,0,64,5,0.852045,1.064581,1.082068,0,0,0,0
982,limite_jours,200,89287,-1,1,16,2,12,0,12,0,0,31,0,0.000000,0.000000,0.000000,-1,-1,-1,-1
983,dernier_individu,31,12124,1,1,23,2,1,0,1,0,0,36,1,1.118427,0.901786,1.053644,1,1,1,1
984,dernier_individu,47,19695,3,3,47,8,1,0,0,0,1,66,2,0.993444,0.889386,0.953052,3,3,1,0
985,dernier_individu,182,67510,3,3,182,8,1,0,0,0,1,56,11,1.053886,0.893295,0.948592,3,3,1,1
986,dernier_individu,21,8458,1,1,21,2,1,0,1,0,0,64,8,1.048242,0.944460,1.029077,1,1,1,1
987,dernier_individu,108,49759,0,0,108,1,1,1,0,0,0,25,8,1.081652,0.991006,1.095102,0,0,1,3
988,dernier_individu,19,7340,0,0,19,1,1,1,0,0,0,32,1,1.004244,1.166057,1.019583,0,0,0,0
989,dernier_individu,44,16822,1,1,29,2,1,0,1,0,0,52,1,1.039006,0.965779,1.014650,1,1,0,0
990,dernier_individu,152,56532,2,2,54,4,1,0,0,1,0,59,9,1.061532,0.991713,0.923720,2,2,0,0
991,limite_jours,200,81609,-1,1,13,2,15,0,15,0,0,36,0,0.000000,0.000000,0.000000,-1,-1,-1,-1
992,limite_jours,200,87652,-1,1,19,2,2,0,2,0,0,80,1,0.000000,0.000000,0.000000,-1,-1,-1,-1
993,dernier_individu,14,5728,1,1,13,2,1,0,1,0,0,49,4,0.959412,1.012058,1.040123,1,0,0,3
994,limite_jours,200,87723,-1,3,42,8,2,0,0,0,2,63,4,0.000000,0.000000,0.000000,-1,-1,-1,-1
995,dernier_individu,92,36519,1,1,45,2,1,0,1,0,0,74,0,0.973442,0.985827,0.951280,1,1,0,2
996,dernier_individu,70,28473,1,1,11,2,1,0,1,0,0,67,1,1.003180,0.952826,1.045662,1,1,1,0
997,dernier_individu,102,38757,0,0,50,1,1,1,0,0,0,83,1,1.035458,0.943612,1.008717,0,0,0,0
998,dernier_individu,37,16140,2,2,37,4,1,0,0,1,0,58,8,0.974593,0.869645,0.877967,2,2,1,0
999,dernier_individu,33,12658,1,1,33,2,1,0,1,0,0,63,0,1.019996,1.030508,0.985392,1,1,0,0
