31,coexistence_limite,-1,-1,0,205,42,38,84,41,265,640,635,1,0,0,0,0,0,0,0,100,215,592,1144,5548,5634
186,coexistence_limite,-1,-1,0,317,110,50,83,74,332,750,633,5,0,0,0,0,0,0,0,100,283,706,1690,6756,7542
0,coexistence_limite,-1,-1,0,244,78,52,68,46,347,633,589,2,0,0,0,0,0,0,0,100,310,641,1852,8132,7107
62,coexistence_limite,-1,-1,0,253,89,39,54,71,380,694,641,2,0,0,0,0,0,0,0,100,335,701,2307,10084,8553
93,coexistence_limite,-1,-1,0,312,35,110,70,97,384,716,604,10,0,0,0,0,0,0,0,100,328,709,2158,9152,8304
155,coexistence_limite,-1,-1,0,317,71,53,122,71,358,733,616,3,0,0,0,0,0,0,0,100,305,762,2179,8192,9090
217,coexistence_limite,-1,-1,0,375,91,90,128,66,414,820,645,1,0,0,0,0,0,0,0,100,348,846,1808,6992,10758
124,coexistence_limite,-1,-1,0,389,92,87,117,93,402,857,668,15,0,0,0,0,0,0,0,100,341,900,2113,7544,10974
187,coexistence_limite,-1,-1,0,262,54,78,47,83,278,633,571,7,0,0,0,0,0,0,0,100,245,593,1337,7640,6558
94,coexistence_limite,-1,-1,0,352,99,83,85,85,352,647,495,5,0,0,0,0,0,0,0,100,292,609,1836,6872,6615
63,coexistence_limite,-1,-1,0,365,68,50,142,105,365,646,481,4,0,0,0,0,0,0,0,100,310,667,1527,6744,8124
156,coexistence_limite,-1,-1,0,305,113,52,84,56,345,723,618,3,0,0,0,0,0,0,0,100,293,694,2254,7168,7590
1,coexistence_limite,-1,-1,0,414,123,132,115,44,422,785,571,5,0,0,0,0,0,0,0,100,371,821,1864,9356,10329
32,coexistence_limite,-1,-1,0,308,119,117,42,30,415,733,625,8,0,0,0,0,0,0,0,100,357,753,2318,9908,10512
218,coexistence_limite,-1,-1,0,394,145,126,60,63,394,748,554,4,0,0,0,0,0,0,0,100,347,789,2001,7564,9702
125,coexistence_limite,-1,-1,0,408,126,85,127,70,479,782,574,3,0,0,0,0,0,0,0,100,422,819,2505,10592,11295
188,coexistence_limite,-1,-1,0,302,93,99,85,25,308,652,550,1,0,0,0,0,0,0,0,100,254,612,1369,5828,5610
