jour,population,population_0,armes_equipees,reserves,capacite,defenses,vitesse,taille,perception,confiance_corail,raids,coalitions,plans,nourriture_aube,carte_nourriture,stock_nourriture,production_nourriture,consommation_nourriture,sac_nourriture,carte_eau,stock_eau,production_eau,consommation_eau,sac_eau,carte_terre,stock_terre,production_terre,consommation_terre,sac_terre,carte_minerai,stock_minerai,production_minerai,consommation_minerai,sac_minerai,carte_charbon,stock_charbon,production_charbon,consommation_charbon,sac_charbon,carte_energie,stock_energie,production_energie,consommation_energie,sac_energie,carte_fer,stock_fer,production_fer,consommation_fer,sac_fer,carte_armes,stock_armes,production_armes,consommation_armes,sac_armes,population_1,allies_corail,population_2,population_3,defenses_min
1,193.564,48.932,0,0,1336,94.863554,1.000388,1.002252,0.999487,-24.350667,4.228,0,0,80,4.9,219.424,149.868,0,0,2802.392,803.556,0,49.956,0,919.092,262.108,0,99.912,0,441.012,54.984,0,179.48,0,254.628,25.328,0,91.372,0,6.444,391.86,365.488,300.092,0,0,54.412,89.74,35.328,0,0,35.328,35.328,0,0,47.14,0,48.896,48.596,82.006276
2,176.868,46.724,29.2,0,1336,79.097622,1.000191,1.001896,0.998886,-45.486667,10.592,0.092,0.408,80,6.6,233.16,141.288,0,0,2865.508,885.728,0,47.096,0,920.804,324.48,0,94.192,0,463.828,13.056,0,113.68,0,241.204,8.18,0,45.108,0,4.608,396.436,180.432,233.472,0,0,74.772,56.84,36.348,0,0,33.852,33.852,0,0,39.62,0,45.532,44.992,49.2922
3,160.944,44.044,54.776,0,1336,63.934358,1.000072,1.002145,0.998589,-65.288,17.46,0.404,0.8,80,7.716,252.248,132.756,0,0,3138.576,723.972,0,44.252,0,936.388,378.376,0,88.504,0,479.916,6.976,0,64.408,0,244.092,4.728,0,28.848,0,4.496,392.12,115.392,177.42,0,0,72.388,32.204,34.38,0,0,31.548,31.548,0,0,34.064,0,41.68,41.156,24.115654
4,149.468,41.936,77.144,0,1336,54.908372,1.000386,1.002287,0.998727,-76.204,22.476,0.836,0.968,80,8.26,275.908,123.084,0,0,2946.212,767.828,0,41.028,0,947.584,429.4,0,82.056,0,492.872,6.812,0,47.192,0,241.856,4.132,0,29.004,0,8.732,417.152,116.016,146.244,0,0,66.468,23.596,29.012,0,0,26.24,26.24,0,0,30.328,0,39.204,38,12.380688
5,139.416,39.744,93.696,0,1336,48.58294,1.0009,1.002342,0.998679,-82.106667,26.436,1.336,0.992,80,9.412,300.084,114.096,0,0,3017.044,757.356,0,38.032,0,953.868,481.092,0,76.064,0,493.524,7.448,0,47.512,0,248.7,4.464,0,21.56,0,5.984,436.736,86.24,124.088,0,0,70.64,23.756,19.272,0,0,16.692,16.692,0,0,27.64,0,36.936,35.096,6.358822
6,130.296,37.472,100.488,0.012,1337.5,44.729838,1.001365,1.002108,0.998803,-85.034667,29.592,1.956,0.992,80,10.428,328.48,108.996,0,0,3053.448,722.804,0,36.332,0,960.388,531.14,0,72.664,0,496.372,7.832,0,45.432,0,251.108,4.168,0,20.072,0,8.304,464.196,80.288,108.136,0,0,79.44,22.716,13.288,0,0,10.516,10.516,0,0,25.568,0,34.892,32.364,3.731034
7,122.432,35.476,101.472,0.072,1345,42.214455,1.001975,1.001951,0.998808,-86.781333,32.3,2.636,0.992,80,11.884,360.64,105.588,0,0,3034.776,716.812,0,35.196,0,968.02,576.148,0,70.392,0,503.348,7.54,0,39.288,0,250.54,4.96,0,19.436,0,10.704,500.016,77.744,95.072,0,0,87.244,19.644,10.804,0,0,7.156,7.156,0,0,23.836,0,33.204,29.916,2.170529
8,114.876,33.28,98.944,0.18,1358.5,40.22464,1.002519,1.00152,0.998587,-88.136,34.752,3.272,0.996,80,12.404,397.776,102.492,0,0,3071.692,684.132,0,34.164,0,973.356,617.056,0,68.328,0,507.636,7.708,0,34.288,0,251.332,5.328,0,19.32,0,11.596,541.74,77.28,86.192,0,0,93.432,17.144,9.788,0,0,5.328,5.328,0,0,22.236,0,31.792,27.568,1.94343
9,108.88,31.592,95.892,0.336,1378,39.420342,1.003098,1.001142,0.998458,-88.985333,36.744,3.94,1,80,14.632,436.804,98.22,0,0,3065.232,666.2,0,32.74,0,978.272,655.7,0,65.48,0,508.96,8.2,0,32.376,0,252.412,5.648,0,18.472,0,12.952,584.052,73.888,81.248,0,0,98.928,16.188,9.392,0,0,4.148,4.148,0,0,21.072,0,30.744,25.472,1.454885
10,103.76,30.164,92.456,0.48,1396,38.954935,1.003649,1.000659,0.998519,-89.654667,38.52,4.624,1,80,15.444,478.568,94.428,0,0,3085.82,635.648,0,31.476,0,979.288,692.228,0,62.952,0,510.492,8.684,0,31.776,0,256.624,4.244,0,16.16,0,12.004,621.784,64.64,77.596,0,0,104.912,15.888,8.396,0,0,3.428,3.428,0,0,20.156,0,30.012,23.428,1.341309
11,98.54,28.532,88.228,0.68,1421,38.914596,1.004338,1.000324,0.998631,-90.194667,40.148,5.328,1,80,16.916,519.148,89.388,0,0,3081.56,615.704,0,29.796,0,983.88,725.9,0,59.592,0,511.132,9.516,0,30.608,0,258.988,3.324,0,13.208,0,13.24,649.104,52.832,74.812,0,0,109.608,15.304,8.904,0,0,3.104,3.104,0,0,19.168,0,29.28,21.56,1.217366
12,94.012,27.228,84.288,0.868,1444.5,39.058401,1.005148,0.999824,0.998568,-90.645333,41.632,6.048,1,80,18.228,558.616,83.76,0,0,3093.044,592.36,0,27.92,0,988.844,755.532,0,55.84,0,514.948,9.928,0,27.272,0,257.408,3.952,0,13.396,0,16.268,681.892,53.584,68.444,0,0,113.7,13.636,8.224,0,0,2.724,2.724,0,0,18.444,0,28.644,19.696,1.206704
13,89.204,25.768,79.764,1.012,1462.5,39.287388,1.005744,0.999188,0.998692,-90.992,42.976,6.82,1,80,19.592,595.652,78.3,0,0,3097.5,571.64,0,26.1,0,992.976,783.668,0,52.2,0,516.572,10.784,0,25.072,0,258.604,4.292,0,12.352,0,18.06,713.052,49.408,63.236,0,0,117.816,12.536,7.256,0,0,2.616,2.616,0,0,17.656,0,27.96,17.82,1.069174
14,84.596,24.372,75.5,1.168,1482,39.987925,1.006325,0.998551,0.998609,-91.217333,44.112,7.572,1,80,20.5,632.496,74.232,0,0,3102.712,551.692,0,24.744,0,995.46,809.476,0,49.488,0,517.288,11.844,0,24.336,0,259.096,4.596,0,11.836,0,17.34,744.468,47.344,61.156,0,0,121.764,12.168,7.364,0,0,2.544,2.544,0,0,16.904,0,27.172,16.148,1.112532
15,80.628,23.092,71.812,1.352,1505,40.678497,1.007112,0.998114,0.99845,-91.394667,45.204,8.34,1,80,21.924,668.868,70.008,0,0,3104.24,536.536,0,23.336,0,1001.872,830.948,0,46.672,0,517.132,12.628,0,24.688,0,261.804,4.348,0,9.952,0,19.452,767.564,39.808,60.192,0,0,125.728,12.344,7.648,0,0,2.368,2.368,0,0,16.388,0,26.64,14.508,1.133981
16,76.668,21.756,68.2,1.492,1522.5,41.629369,1.007775,0.997579,0.998048,-91.533333,46.204,9.14,1,80,24.336,702.62,65.964,0,0,3109.192,522.168,0,21.988,0,1005.54,851.34,0,43.976,0,519.416,13.516,0,22.296,0,261.592,4.668,0,9.56,0,20.396,793.04,38.24,55.488,0,0,129.56,11.148,6.792,0,0,2.344,2.344,0,0,16.112,0,26.072,12.728,1.209709
17,73.392,20.504,65.02,1.716,1550.5,42.407219,1.008389,0.996931,0.998075,-91.678667,47.224,9.924,0.992,80,24.888,735.792,62.04,0,0,3114.592,507.656,0,20.68,0,1009.008,869.688,0,41.36,0,520.872,14.404,0,21.128,0,261.196,5.228,0,9.756,0,21.636,819.84,39.024,53.672,0,0,131.94,10.564,7.836,0,0,2.12,2.12,0,0,15.952,0,25.696,11.24,1.199317
18,70.596,19.472,61.924,1.916,1575.5,43.161821,1.008977,0.996212,0.998307,-91.805333,48.176,10.676,0.988,80,25.776,767.064,58.62,0,0,3115.06,497.536,0,19.54,0,1012.392,886.636,0,39.08,0,522.884,14.596,0,20.072,0,261.608,6.04,0,9.104,0,22.104,846.536,36.416,51.18,0,0,134.292,10.036,7.484,0,0,2.192,2.192,0,0,15.896,0,25.308,9.92,1.117386
19,67.156,18.18,58.796,2.14,1603.5,44.107194,1.009407,0.995555,0.998094,-91.88,49.032,11.38,0.984,80,28.612,794.92,54.6,0,0,3114.856,491.284,0,18.2,0,1016.1,901.864,0,36.4,0,523.548,15.456,0,18.36,0,261.528,6.684,0,9.52,0,25.38,873.472,38.08,48.504,0,0,135.28,9.18,7.876,0,0,2.252,2.252,0,0,15.648,0,24.76,8.568,0.95591
20,63.732,17.088,55.82,2.384,1634,44.819803,1.010204,0.994973,0.998042,-92.041333,49.952,12.044,0.98,80,30.336,822.056,52.416,0,0,3122.832,481.752,0,17.472,0,1020.424,914.308,0,34.944,0,523.792,16.048,0,18.488,0,262.756,6.712,0,8.896,0,27.792,896.076,35.584,47.572,0,0,136.38,9.244,7.88,0,0,2.048,2.048,0,0,15.304,0,24.032,7.308,0.951821
21,60.196,15.984,52.76,2.604,1661.5,45.704613,1.010943,0.994416,0.997849,-92.117333,50.716,12.656,0.976,80,32.324,846.472,49.092,0,0,3122.424,476.976,0,16.364,0,1023.204,926.484,0,32.728,0,524.336,16.924,0,17.88,0,263.104,6.9,0,8.192,0,28.58,917.476,32.768,45.16,0,0,137.592,8.94,7.328,0,0,1.952,1.952,0,0,14.792,0,23.368,6.052,0.941701
22,57.128,15.02,49.956,2.788,1684.5,46.332923,1.011466,0.994095,0.99765,-92.210667,51.492,13.252,0.968,80,33.676,869.992,46.392,0,0,3131.904,467.508,0,15.464,0,1027.584,936.812,0,30.928,0,525.092,17.988,0,16.944,0,263.496,7.224,0,7.856,0,30.244,939.788,31.424,42.456,0,0,139.252,8.472,6.588,0,0,1.928,1.928,0,0,14.42,0,22.656,5.032,1.05569
23,54.424,14.132,47.648,2.952,1705,46.902699,1.011718,0.993771,0.997495,-92.336,52.228,13.78,0.952,80,35.324,893.416,45.06,0,0,3132.104,461.536,0,15.02,0,1030.996,945.528,0,30.04,0,525.872,18.968,0,16.24,0,264.26,7.504,0,7.228,0,32.216,959.5,28.912,40.368,0,0,141.26,8.12,5.948,0,0,1.668,1.668,0,0,14.208,0,21.976,4.108,1.212765
24,51.868,13.264,45.244,3.108,1724.5,47.541466,1.011961,0.99347,0.99727,-92.446667,52.852,14.192,0.94,80,37.636,914.556,42.72,0,0,3134.216,456.664,0,14.24,0,1033.292,954.532,0,28.48,0,527.628,19.744,0,14.688,0,264.172,7.656,0,7.288,0,32.58,982.292,29.152,37.796,0,0,142.784,7.344,5.76,0,0,1.648,1.648,0,0,14.12,0,21.148,3.336,1.556122
25,49.52,12.324,43.08,3.272,1745,48.154854,1.012265,0.993132,0.997033,-92.564,53.424,14.556,0.916,80,38.34,935.164,40.62,0,0,3138.228,451.252,0,13.54,0,1034.204,963.28,0,27.08,0,527.576,20.608,0,14.688,0,265.664,7.476,0,6.164,0,34.02,1000.2,24.656,37.032,0,0,144.276,7.344,5.796,0,0,1.624,1.624,0,0,14.108,0,20.412,2.676,1.81807
26,47.048,11.456,40.824,3.436,1765.5,48.628913,1.012546,0.99241,0.997168,-92.696,54.008,14.868,0.9,80,40.96,953.472,38.364,0,0,3141.296,445.276,0,12.788,0,1037.808,971.028,0,25.576,0,529.596,20.82,0,13.624,0,264.748,8.084,0,6.284,0,34.66,1020.216,25.136,34.912,0,0,145.36,6.812,5.644,0,0,1.476,1.476,0,0,13.944,0,19.612,2.036,2.071988
27,44.224,10.588,38.272,3.604,1786.5,49.120779,1.013026,0.991898,0.997093,-92.812,54.588,15.136,0.88,80,41.84,971.908,36.372,0,0,3144.132,440.248,0,12.124,0,1038.924,978.624,0,24.248,0,529.932,21.604,0,12.248,0,266.024,8.004,0,5.868,0,36.12,1038.572,23.472,32.804,0,0,145.716,6.124,5.644,0,0,1.472,1.472,0,0,13.632,0,18.508,1.496,2.407565
28,41.904,9.808,36.34,3.748,1804.5,49.490763,1.013414,0.991644,0.997482,-92.961333,55.152,15.328,0.844,80,43.54,989.444,34.716,0,0,3148.236,434.68,0,11.572,0,1040.208,985.308,0,23.144,0,530.448,22.236,0,12.472,0,266.172,8.096,0,5.384,0,38.872,1053.82,21.536,31.804,0,0,146.792,6.236,5.104,0,0,1.404,1.404,0,0,13.34,0,17.628,1.128,2.769728
29,40.104,9.12,34.54,3.884,1821.5,49.764539,1.013588,0.990817,0.997418,-93.076,55.692,15.476,0.816,80,43.824,1007.056,33.732,0,0,3149.744,430.3,0,11.244,0,1042.304,991.548,0,22.488,0,532.4,22.648,0,10.656,0,265.048,8.88,0,5.904,0,41.048,1071.096,23.616,29.14,0,0,147.308,5.328,4.776,0,0,1.164,1.164,0,0,13.292,0,16.784,0.908,3.118195
30,38.472,8.512,32.852,3.98,1833.5,50.273899,1.013841,0.990622,0.997495,-93.185333,56.164,15.572,0.78,80,45.496,1024.384,32.844,0,0,3152.808,424.952,0,10.948,0,1043.688,997.516,0,21.896,0,531.732,23.496,0,10.824,0,266.26,8.792,0,5.572,0,39.628,1089.424,22.288,28.636,0,0,148.352,5.412,4.248,0,0,1.368,1.368,0,0,13.236,0,15.972,0.752,3.54319
31,36.864,8.012,31.508,4.116,1850.5,50.53339,1.014476,0.990007,0.997176,-93.317333,56.728,15.656,0.72,80,47.132,1039.884,30.984,0,0,3153.22,421.52,0,10.328,0,1045.196,1003.204,0,20.656,0,531.904,24.428,0,10.704,0,266.848,8.896,0,4.884,0,41.524,1103.688,19.536,28.312,0,0,148.844,5.352,4.796,0,0,1.276,1.276,0,0,13.12,0,15.104,0.628,3.836343
32,35.176,7.476,30.236,4.232,1865,51.164962,1.01421,0.989596,0.997295,-93.374667,57.156,15.712,0.672,80,48.216,1053.932,28.62,0,0,3157.072,416.612,0,9.54,0,1047.396,1009.228,0,19.08,0,532.664,24.884,0,10.456,0,267.372,8.916,0,4.456,0,42.344,1116.932,17.824,26.744,0,0,149.648,5.228,4.36,0,0,1.192,1.192,0,0,12.908,0,14.272,0.52,4.359931
33,33.86,7.016,29.152,4.352,1880,51.35333,1.014656,0.98939,0.997158,-93.504,57.716,15.76,0.6,80,48.984,1067.88,27.312,0,0,3158.196,413.168,0,9.104,0,1048.524,1014.912,0,18.208,0,533.404,25.516,0,9.744,0,267.036,9.04,0,4.612,0,42.48,1131.524,18.448,25.448,0,0,150.188,4.872,4.32,0,0,1.076,1.076,0,0,12.796,0,13.624,0.424,4.786648
34,32.864,6.62,28.228,4.448,1892,51.755561,1.014998,0.989171,0.997554,-93.572,58.188,15.796,0.568,80,49.824,1081.236,26.52,0,0,3160.76,408.62,0,8.84,0,1050.48,1020.052,0,17.68,0,534.176,25.876,0,8.904,0,266.912,9.44,0,4.544,0,43.384,1147.068,18.176,23.808,0,0,150.78,4.452,3.848,0,0,1.056,1.056,0,0,12.712,0,13.168,0.364,5.244744
35,31.9,6.308,27.268,4.536,1903,52.252346,1.015267,0.989107,0.997555,-93.628,58.62,15.828,0.532,80,50.36,1093.68,25.74,0,0,3160.24,405.932,0,8.58,0,1050.264,1025.744,0,17.16,0,533.596,26.444,0,9.248,0,267.808,9.32,0,4.208,0,43.736,1160.608,16.832,23.676,0,0,151.688,4.624,3.672,0,0,1.008,1.008,0,0,12.764,0,12.512,0.316,5.834482
36,30.904,6.072,26.28,4.624,1914,52.497103,1.015225,0.988873,0.997593,-93.724,59.148,15.852,0.5,80,51.424,1105.916,25.224,0,0,3161.668,402.78,0,8.408,0,1051.388,1030.724,0,16.816,0,534.684,26.928,0,8.504,0,267.312,9.488,0,4.328,0,45.14,1174.216,17.312,22.768,0,0,152.2,4.252,3.676,0,0,1.004,1.004,0,0,12.624,0,11.928,0.28,6.135146
37,30.204,5.924,25.48,4.72,1926,52.756849,1.015229,0.988518,0.997479,-93.790667,59.684,15.872,0.46,80,52.012,1118.064,24.996,0,0,3162.192,400.284,0,8.332,0,1051.56,1035.932,0,16.664,0,535.208,26.972,0,8.464,0,267.792,9.604,0,4.036,0,46,1186.104,16.144,22.764,0,0,152.62,4.232,3.8,0,0,1.068,1.068,0,0,12.676,0,11.344,0.26,6.177606
38,29.26,5.712,24.568,4.824,1939,53.071097,1.015894,0.987911,0.997097,-93.876,60.24,15.88,0.416,80,51.668,1129.828,24.228,0,0,3162.596,397.96,0,8.076,0,1052.092,1041.176,0,16.152,0,534.736,27.596,0,8.136,0,268.036,9.572,0,3.804,0,46.716,1197.384,15.216,22.204,0,0,152.752,4.068,3.88,0,0,1.004,1.004,0,0,12.488,0,10.804,0.256,6.589448
39,28.408,5.432,23.868,4.912,1950,53.104194,1.016004,0.987874,0.996853,-93.957333,60.872,15.896,0.388,80,53.108,1140.764,23.124,0,0,3163.596,396.1,0,7.708,0,1052.892,1046.784,0,15.416,0,535.552,27.984,0,7.728,0,267.928,9.632,0,3.768,0,47.18,1209.036,15.072,21.068,0,0,153.004,3.864,3.564,0,0,1.004,1.004,0,0,12.456,0,10.264,0.256,6.614285
40,27.812,5.248,23.332,4.988,1959.5,53.342585,1.015828,0.987697,0.996759,-94.049333,61.432,15.916,0.372,80,52.752,1151.772,22.212,0,0,3163.688,395.34,0,7.404,0,1054.752,1051.652,0,14.808,0,535.848,28.092,0,7.768,0,268.104,9.696,0,3.728,0,47.42,1220.208,14.912,20.496,0,0,153.46,3.884,3.308,0,0,0.96,0.96,0,0,12.524,0,9.78,0.26,6.862478
