"Graine","Jour","Population","Naissances","Morts"
"0","1","215","15","0"
"0","2","228","20","7"
"0","3","240","17","5"
"0","4","233","10","17"
"0","5","245","16","4"
"0","6","253","19","11"
"0","7","262","15","6"
"0","8","266","18","14"
"1","1","210","14","4"
"1","2","228","23","5"
"1","3","244","23","7"
"1","4","248","18","14"
"1","5","249","11","10"
"1","6","245","21","25"
"1","7","245","19","19"
"1","8","249","21","17"
"42","1","216","16","0"
"42","2","224","19","11"
"42","3","234","18","8"
"42","4","243","15","6"
"42","5","244","22","21"
"42","6","232","15","27"
"42","7","233","23","22"
"42","8","242","26","17"
