"Mode","Jour","Faction","CharbonConsomme","FerProduit","ArmesProduites","ArmesStock","ArmesEquipees","Reserves","RaidsCumul","Combattants"
"2","1","Bleus","24","21","9","9","0","0","0","0"
"2","1","Corail","24","22","9","9","0","0","0","0"
"2","1","Verts","21","21","9","9","0","0","0","0"
"2","1","Violets","23","20","9","9","0","0","0","0"
"2","2","Bleus","3","19","9","9","9","0","0","0"
"2","2","Corail","3","20","9","9","8","0","0","0"
"2","2","Verts","4","19","9","9","8","0","0","0"
"2","2","Violets","2","20","9","9","9","0","0","0"
"2","3","Bleus","18","4","8","8","16","0","0","0"
"2","3","Corail","23","3","9","9","17","0","0","0"
"2","3","Verts","23","2","9","9","17","0","0","0"
"2","3","Violets","15","4","9","9","17","0","0","0"
"2","4","Bleus","0","19","7","7","23","0","0","0"
"2","4","Corail","0","18","6","6","23","0","0","0"
"2","4","Verts","1","13","3","3","22","0","0","0"
"2","4","Violets","1","16","4","4","22","0","0","0"
"2","5","Bleus","7","15","7","7","29","0","0","0"
"2","5","Corail","6","14","9","9","29","0","0","0"
"2","5","Verts","8","15","3","3","25","0","0","0"
"2","5","Violets","3","17","6","6","26","0","0","0"
"2","6","Bleus","18","12","9","9","36","0","0","0"
"2","6","Corail","12","10","8","8","37","0","0","0"
"2","6","Verts","12","18","5","5","28","0","0","0"
"2","6","Violets","15","15","7","7","32","0","0","0"
"5","1","Bleus","24","21","9","9","0","0","4","0"
"5","1","Trumpistes","23","21","9","9","0","0","4","1"
"5","1","Verts","23","21","9","9","0","0","4","0"
"5","1","Violets","24","20","9","9","0","0","4","0"
"5","2","Bleus","18","5","9","9","9","0","10","0"
"5","2","Trumpistes","21","4","9","9","7","0","10","0"
"5","2","Verts","4","5","9","9","9","0","10","0"
"5","2","Violets","13","4","9","9","8","0","10","0"
"5","3","Bleus","2","21","9","9","18","0","15","0"
"5","3","Trumpistes","1","22","9","9","13","0","15","0"
"5","3","Verts","0","23","9","9","18","0","15","0"
"5","3","Violets","1","12","9","9","16","0","15","0"
"5","4","Bleus","28","6","9","9","25","1","19","0"
"5","4","Trumpistes","21","1","9","9","16","0","19","0"
"5","4","Verts","14","13","9","9","26","0","19","1"
"5","4","Violets","12","0","9","9","21","0","19","0"
"5","5","Bleus","3","7","7","7","29","1","19","1"
"5","5","Trumpistes","11","2","6","6","25","0","19","2"
"5","5","Verts","5","13","9","9","34","0","19","0"
"5","5","Violets","4","3","3","3","26","0","19","0"
"5","6","Bleus","3","12","4","4","30","1","24","0"
"5","6","Trumpistes","0","16","2","2","30","1","24","1"
"5","6","Verts","3","15","8","8","42","0","24","0"
"5","6","Violets","2","9","7","7","26","0","24","0"
