"Terrain","Colonnes","Lignes","Jour","Population","Bleu","Corail","Vert","Violet","Naissances","Morts"
"carre","30","30","1","214","49","55","54","56","21","7"
"carre","30","30","2","217","52","54","57","54","19","16"
"carre","30","30","3","233","57","58","61","57","20","4"
"carre","30","30","4","209","53","59","49","48","8","32"
"carre","30","30","5","223","59","66","51","47","25","11"
"carre","30","30","6","137","39","47","26","25","7","93"
"carre","30","30","7","145","42","49","28","26","13","5"
"carre","30","30","8","94","25","27","20","22","8","59"
"rectangle","60","20","1","203","54","53","49","47","13","10"
"rectangle","60","20","2","205","54","59","47","45","13","11"
"rectangle","60","20","3","207","57","63","46","41","10","8"
"rectangle","60","20","4","217","63","66","46","42","20","10"
"rectangle","60","20","5","206","62","63","42","39","8","19"
"rectangle","60","20","6","181","67","68","21","25","12","37"
"rectangle","60","20","7","118","42","36","16","24","4","67"
"rectangle","60","20","8","82","21","18","17","26","4","40"
"allonge","80","10","1","185","52","54","43","36","14","29"
"allonge","80","10","2","181","57","56","34","34","14","18"
"allonge","80","10","3","176","59","60","25","32","14","19"
"allonge","80","10","4","183","65","64","23","31","13","6"
"allonge","80","10","5","178","71","66","15","26","12","17"
"allonge","80","10","6","172","74","70","12","16","8","14"
"allonge","80","10","7","159","74","68","7","10","9","22"
"allonge","80","10","8","168","81","70","8","9","16","7"
